reserva_id,fecha_liquidacion,bin,ultimos_4,marca,importe_ars
R-1001,2026-07-06,589562,9275,AMEX,208800
R-1004,2026-06-30,450799,3639,AMEX,311400
R-1005,2026-07-28,451798,2162,VISA,209400
R-1006,2026-08-25,589562,7320,MASTERCARD,193400
R-1007,2026-08-16,589562,9555,VISA,202600
R-1008,2026-08-28,377874,2692,VISA,328800
R-1009,2026-06-26,450799,3672,AMEX,485000
R-1010,2026-08-28,451798,7675,AMEX,100100
R-1014,2026-07-07,377874,1167,MASTERCARD,490000
R-1015,2026-09-09,521212,3325,VISA,101200
R-1016,2026-08-03,450799,9825,MASTERCARD,96600
R-1017,2026-08-04,589562,1756,AMEX,195200
R-1019,2026-07-14,521212,9029,AMEX,188200
R-1020,2026-06-28,377874,4105,VISA,274800
R-1021,2026-09-03,589562,2201,AMEX,437600
R-1022,2026-08-11,589562,1408,VISA,208000
R-1024,2026-07-15,450799,7111,AMEX,231400
R-1025,2026-09-03,377874,7256,AMEX,511500
R-1028,2026-08-08,377874,9432,MASTERCARD,100400
R-1029,2026-07-07,451798,5597,AMEX,503000
R-1030,2026-07-08,533012,2226,AMEX,351600
R-1032,2026-07-09,589562,4073,MASTERCARD,214400
R-1033,2026-08-08,589562,2196,VISA,567000
R-1034,2026-08-12,513412,5419,VISA,437000
R-1035,2026-07-30,451798,5421,MASTERCARD,226000
R-1036,2026-06-21,456712,7691,VISA,103100
R-1037,2026-09-10,414720,7037,MASTERCARD,104000
R-1039,2026-09-03,377874,5344,AMEX,475500
R-1040,2026-06-20,533012,8372,AMEX,464400
R-1041,2026-08-03,377874,1430,AMEX,461500
R-1042,2026-07-13,377874,7951,AMEX,422800
R-1043,2026-09-05,438935,8516,VISA,177600
R-1044,2026-06-21,451798,3331,MASTERCARD,364400
R-1045,2026-06-18,540012,1900,VISA,104200
R-1046,2026-08-04,589562,5202,VISA,462000
R-1049,2026-09-04,451798,9562,MASTERCARD,101200
R-1050,2026-06-15,589562,9371,VISA,110300
R-1051,2026-07-15,552031,7583,MASTERCARD,350700
R-1052,2026-09-05,545612,2421,MASTERCARD,283200
R-1053,2026-08-15,451798,4307,VISA,91700
R-1054,2026-06-17,450799,3030,VISA,291600
R-1055,2026-07-12,450799,9526,AMEX,295200
R-1058,2026-07-19,545612,2891,MASTERCARD,350800
R-1060,2026-09-08,589562,8759,VISA,315000
R-1061,2026-08-28,589562,4280,VISA,543000
R-1062,2026-06-18,589562,7150,VISA,102700
R-1063,2026-07-21,377874,2286,VISA,261300
R-1064,2026-07-17,451798,5471,MASTERCARD,340200
R-1066,2026-08-18,589562,7329,VISA,263100
R-1067,2026-07-03,497010,5846,AMEX,287400
R-1069,2026-06-16,377874,6652,AMEX,273900
R-1071,2026-07-08,521212,6283,AMEX,338400
R-1072,2026-07-07,589562,7490,MASTERCARD,305100
R-1073,2026-07-24,545612,8603,MASTERCARD,404000
R-1080,2026-08-24,451798,8743,MASTERCARD,424400
R-1081,2026-08-21,377874,7885,VISA,448800
R-1082,2026-09-06,451798,8881,MASTERCARD,586000
R-1083,2026-08-31,450799,4329,AMEX,315000
R-1084,2026-07-07,451798,3951,MASTERCARD,322800
R-1085,2026-07-08,377874,5639,AMEX,115100
R-1086,2026-07-13,589562,3630,VISA,101500
R-1087,2026-07-07,471589,3985,VISA,107500
R-1091,2026-08-07,552031,2454,MASTERCARD,444400
R-1092,2026-06-27,377874,4985,AMEX,190800
R-1093,2026-06-23,545612,6610,VISA,358400
R-1095,2026-06-24,377874,3286,VISA,337800
R-1096,2026-08-25,589562,3378,VISA,374400
R-1097,2026-09-02,455708,6470,AMEX,225600
R-1098,2026-08-05,492181,5004,MASTERCARD,348000
R-1101,2026-07-21,454181,1598,MASTERCARD,365600
R-1102,2026-08-21,450799,9589,MASTERCARD,450400
R-1103,2026-08-02,377874,1009,VISA,198400
R-1104,2026-08-16,471589,3955,MASTERCARD,293700
R-1105,2026-06-19,451798,1833,VISA,106400
R-1106,2026-07-02,377874,4006,MASTERCARD,300000
R-1107,2026-08-23,589562,6554,VISA,99300
R-1108,2026-08-23,530312,8137,AMEX,103400
R-1109,2026-09-05,379141,3041,MASTERCARD,184000
R-1115,2026-07-27,377874,2184,VISA,250800
R-1116,2026-07-11,454181,9036,MASTERCARD,197600
R-1117,2026-08-31,552031,6650,VISA,107700
R-1121,2026-09-06,450799,7021,VISA,297600
R-1123,2026-08-10,451798,8310,AMEX,174200
R-1124,2026-06-30,450799,5529,VISA,188000
R-1125,2026-07-12,456712,7803,VISA,183200
R-1126,2026-09-09,379141,8287,MASTERCARD,494000
R-1128,2026-07-10,377874,6414,AMEX,89300
R-1129,2026-08-20,589562,8468,VISA,349800
R-1130,2026-08-08,451798,4345,VISA,95200
R-1132,2026-06-20,589562,8471,VISA,454000
R-1133,2026-08-19,491667,3114,VISA,315600
R-1135,2026-07-18,542418,7086,VISA,410800
R-1136,2026-08-31,589562,4626,VISA,318600
R-1138,2026-09-01,451798,4273,AMEX,471500
R-1139,2026-08-31,450799,1318,VISA,358400
R-1140,2026-07-26,589562,9892,VISA,170600
R-1141,2026-06-27,438935,3430,VISA,98400
R-1144,2026-09-08,377874,9081,VISA,414000
R-1145,2026-07-02,451798,9923,VISA,91900
R-1149,2026-08-21,450799,4002,VISA,184200
R-1150,2026-06-17,530312,2034,MASTERCARD,99300
R-1152,2026-07-03,451798,3568,VISA,283500
R-1156,2026-08-13,533012,2880,VISA,217000
R-1157,2026-07-19,377874,2332,VISA,85100
R-1160,2026-08-31,540012,4581,AMEX,319800
R-1161,2026-07-04,589562,4988,MASTERCARD,721700
R-1162,2026-08-11,451798,6868,MASTERCARD,216800
R-1163,2026-08-28,451798,4637,AMEX,193800
R-1165,2026-08-10,589562,2665,AMEX,102700
R-1166,2026-07-28,377874,8294,VISA,296100
R-1167,2026-06-30,516292,4356,AMEX,307200
R-1168,2026-07-18,377874,6437,VISA,313800
R-1170,2026-07-25,450799,9879,VISA,536500
R-1171,2026-08-08,451798,8490,AMEX,91500
R-1173,2026-06-16,377874,3305,AMEX,210800
R-1174,2026-07-26,414720,2602,MASTERCARD,394800
R-1178,2026-08-17,451798,3954,AMEX,812700
R-1179,2026-07-25,450799,7983,AMEX,303600
R-1180,2026-08-11,451798,1366,MASTERCARD,428500
R-1181,2026-08-05,589562,8388,MASTERCARD,324900
R-1182,2026-07-31,450799,4278,AMEX,172800
R-1183,2026-08-13,450799,6786,AMEX,322500
R-1186,2026-07-14,377874,5619,VISA,188000
R-1189,2026-06-26,589562,1588,AMEX,209400
R-1191,2026-07-17,377874,5332,AMEX,396800
R-1192,2026-08-25,450799,2510,VISA,192000
R-1194,2026-08-07,533012,3070,MASTERCARD,630700
R-1197,2026-09-02,450799,7989,AMEX,204400
R-1198,2026-07-06,450799,3443,VISA,409200
R-1200,2026-08-27,450799,4426,MASTERCARD,484500
R-1201,2026-08-30,450799,8533,AMEX,171000
R-1202,2026-06-22,377874,9126,VISA,277800
R-1203,2026-08-03,589562,6990,VISA,199000
R-1204,2026-07-19,516292,9087,VISA,202400
R-1205,2026-07-07,589562,1350,AMEX,198400
R-1208,2026-08-11,377874,9965,AMEX,99500
R-1211,2026-06-27,545612,8722,VISA,91500
R-1212,2026-07-05,589562,9246,MASTERCARD,98200
R-1214,2026-06-29,450799,9078,AMEX,311700
R-1215,2026-07-09,450799,2652,AMEX,343800
R-1216,2026-08-24,450799,3107,AMEX,104300
R-1218,2026-07-09,451798,2204,AMEX,89700
R-1219,2026-08-31,377874,7138,MASTERCARD,819000
R-1220,2026-09-11,377874,9237,AMEX,169400
R-1221,2026-07-02,450799,8397,MASTERCARD,712600
R-1224,2026-08-30,377874,6766,VISA,96800
R-1225,2026-08-25,451798,2294,VISA,348400
R-1227,2026-07-09,377874,3216,VISA,410400
R-1232,2026-06-19,451798,6793,VISA,183200
R-1233,2026-08-18,377874,8655,AMEX,289800
R-1236,2026-07-10,589562,8888,MASTERCARD,197200
R-1237,2026-06-18,377874,8445,AMEX,317700
R-1239,2026-08-16,589562,7837,AMEX,420000
R-1240,2026-06-20,438935,6829,AMEX,318900
R-1241,2026-07-07,589562,7194,VISA,200800
R-1242,2026-08-28,450799,4629,AMEX,94400
R-1243,2026-07-11,589562,6493,AMEX,280800
R-1244,2026-07-15,450799,6186,VISA,429600
R-1245,2026-07-01,450799,5055,VISA,340200
R-1246,2026-08-03,516292,5118,VISA,216200
R-1247,2026-08-17,377874,9345,AMEX,99300
R-1248,2026-09-10,589562,2820,AMEX,373200
R-1249,2026-08-27,377874,7241,MASTERCARD,189000
R-1250,2026-08-02,451798,6603,MASTERCARD,337600
R-1251,2026-08-20,377874,1736,MASTERCARD,413200
R-1252,2026-07-22,438935,9163,MASTERCARD,392000
R-1253,2026-07-05,451798,4115,VISA,208200
R-1254,2026-08-05,589562,9443,VISA,419000
R-1256,2026-09-04,589562,6420,MASTERCARD,184600
R-1257,2026-07-20,377874,1270,VISA,376400
R-1258,2026-07-22,589562,9793,AMEX,230000
R-1259,2026-08-25,450799,7312,AMEX,215800
R-1261,2026-09-01,450799,8755,VISA,93600
R-1262,2026-08-31,451798,2524,MASTERCARD,257700
R-1263,2026-08-25,450799,2705,AMEX,103400
R-1264,2026-07-07,589562,3397,AMEX,212400
R-1265,2026-07-05,451798,2281,MASTERCARD,820400
R-1266,2026-07-31,589562,4966,AMEX,322800
R-1267,2026-07-10,589562,8872,MASTERCARD,94900
R-1269,2026-08-06,450799,2436,VISA,518500
R-1270,2026-09-12,542418,3160,AMEX,292500
R-1274,2026-07-29,450799,7187,AMEX,107600
R-1275,2026-08-17,589562,5557,AMEX,414000
R-1276,2026-08-13,451798,1402,AMEX,508000
R-1278,2026-09-07,377874,4279,AMEX,196200
R-1279,2026-08-17,455708,5609,AMEX,264000
R-1281,2026-07-30,451798,7347,MASTERCARD,91500
R-1282,2026-07-07,377874,2768,AMEX,202200
R-1284,2026-08-14,450799,5987,VISA,209400
R-1285,2026-07-26,451798,1040,AMEX,288000
R-1286,2026-08-29,589562,8909,AMEX,592200
R-1289,2026-06-24,542418,9687,MASTERCARD,304800
R-1290,2026-07-23,377874,4250,AMEX,400800
R-1292,2026-08-04,542418,1916,AMEX,95800
R-1293,2026-07-02,377874,1492,AMEX,99300
R-1294,2026-09-10,377874,9455,AMEX,97100
R-1295,2026-08-22,589562,1168,VISA,184800
R-1299,2026-07-18,377874,9655,MASTERCARD,105500
R-1301,2026-06-29,414720,5369,VISA,285900
R-1302,2026-06-17,377874,1204,AMEX,109900
R-1305,2026-09-07,450799,4819,AMEX,209600
R-1306,2026-08-08,451798,4630,AMEX,87200
R-1307,2026-06-29,450799,4292,VISA,697900
R-1310,2026-07-22,377874,4690,VISA,194400
R-1312,2026-09-07,377874,6371,MASTERCARD,392400
R-1314,2026-06-27,451798,9694,MASTERCARD,471500
R-1316,2026-08-29,451798,1796,VISA,464800
R-1319,2026-09-09,516292,3689,MASTERCARD,111600
R-1320,2026-06-21,521212,5653,VISA,91300
R-1321,2026-07-08,451798,8459,MASTERCARD,225000
R-1322,2026-07-04,377874,7974,MASTERCARD,711900
R-1326,2026-08-03,450799,6367,VISA,117200
R-1327,2026-07-31,450799,8923,AMEX,95900
R-1328,2026-08-22,589562,3464,MASTERCARD,94600
R-1329,2026-09-10,377874,2681,AMEX,221200
R-1331,2026-08-06,471589,5399,VISA,697900
R-1332,2026-08-18,547034,6799,MASTERCARD,111300
R-1333,2026-08-15,589562,7471,MASTERCARD,424800
R-1335,2026-08-25,589562,1079,VISA,472500
R-1336,2026-07-03,451798,1080,AMEX,303300
R-1337,2026-06-27,542418,8091,VISA,458000
R-1338,2026-08-01,589562,9933,AMEX,181800
R-1339,2026-07-15,450799,1518,MASTERCARD,208200
R-1340,2026-07-17,589562,4176,AMEX,86600
R-1341,2026-06-18,455708,2333,VISA,104800
R-1342,2026-07-29,377874,5117,VISA,347400
R-1343,2026-06-18,589562,9745,MASTERCARD,305100
R-1344,2026-08-06,377874,2967,VISA,190800
R-1345,2026-07-22,377874,2355,MASTERCARD,361200
R-1348,2026-07-20,438935,8039,AMEX,116600
R-1349,2026-09-08,451798,5403,VISA,235600
R-1353,2026-08-20,450799,1354,MASTERCARD,445600
R-1355,2026-09-12,450799,9185,AMEX,536000
R-1357,2026-07-29,450799,1147,MASTERCARD,95200
R-1359,2026-09-05,377874,7814,VISA,198200
R-1360,2026-06-24,589562,2891,AMEX,308400
R-1361,2026-09-02,533012,7697,AMEX,109500
R-1362,2026-06-16,451798,8023,VISA,281100
R-1364,2026-08-02,451798,1385,MASTERCARD,203200
R-1365,2026-08-15,450799,8595,VISA,310200
R-1366,2026-08-23,377874,8577,MASTERCARD,344400
R-1370,2026-07-10,379141,5463,MASTERCARD,296400
R-1371,2026-07-04,589562,3939,AMEX,483500
R-1372,2026-07-27,552031,2528,MASTERCARD,111400
R-1376,2026-07-26,450799,5239,AMEX,211200
R-1377,2026-08-10,377874,7778,AMEX,106500
R-1380,2026-07-29,456712,1982,MASTERCARD,233400
R-1381,2026-07-27,589562,5347,VISA,262500
R-1382,2026-07-25,377874,5260,VISA,194600
R-1384,2026-07-30,450799,7852,MASTERCARD,450800
R-1386,2026-06-26,589562,8959,AMEX,192800
R-1387,2026-07-14,589562,2545,VISA,521000
R-1388,2026-06-27,451798,8184,MASTERCARD,313500
R-1390,2026-08-27,377874,9580,MASTERCARD,295500
R-1393,2026-06-20,589562,8996,MASTERCARD,593600
R-1394,2026-08-13,450799,1361,VISA,84000
R-1398,2026-08-03,542418,7468,VISA,101300
R-1399,2026-08-11,533012,5285,AMEX,235600
R-1400,2026-08-21,455708,1568,VISA,89300
R-1401,2026-07-12,450799,9962,VISA,530000
R-1402,2026-08-05,377874,1129,MASTERCARD,195800
R-1403,2026-06-27,377874,8757,MASTERCARD,92900
R-1404,2026-07-01,513412,1973,VISA,510500
R-1406,2026-07-22,589562,4277,MASTERCARD,345200
R-1410,2026-09-04,589562,6451,MASTERCARD,100000
R-1413,2026-07-06,589562,2982,AMEX,100400
R-1416,2026-08-11,491667,2046,AMEX,231000
R-1417,2026-08-31,589562,9242,VISA,663600
R-1418,2026-08-09,451798,6400,VISA,192000
R-1419,2026-07-07,377874,5541,VISA,204800
R-1421,2026-07-13,377874,8872,MASTERCARD,214800
R-1424,2026-08-17,377874,4083,MASTERCARD,187000
R-1425,2026-09-04,451798,3829,MASTERCARD,470800
R-1426,2026-09-02,533012,6151,MASTERCARD,228200
R-1427,2026-07-29,450799,9405,VISA,348000
R-1428,2026-09-11,377874,6325,AMEX,329400
R-1429,2026-08-02,589562,4932,MASTERCARD,87800
R-1430,2026-06-30,589562,5348,VISA,200400
R-1431,2026-08-24,377874,1094,VISA,536000
R-1432,2026-08-14,379141,2851,VISA,405600
R-1434,2026-08-02,438935,6481,MASTERCARD,103100
R-1436,2026-06-28,589562,2180,VISA,202000
R-1438,2026-08-01,450799,6541,AMEX,94700
R-1439,2026-06-26,589562,7079,AMEX,180600
R-1440,2026-06-26,589562,2550,AMEX,287400
R-1441,2026-08-08,589562,4327,AMEX,319500
R-1442,2026-07-20,450799,5155,MASTERCARD,281400
R-1443,2026-06-22,589562,5164,VISA,314400
R-1445,2026-06-17,377874,5212,VISA,99900
R-1447,2026-07-03,450799,6894,MASTERCARD,89200
R-1448,2026-06-30,451798,9085,MASTERCARD,266100
R-1449,2026-08-19,450799,2030,AMEX,320700
R-1450,2026-07-17,521212,3244,MASTERCARD,185000
R-1451,2026-08-11,450799,1792,AMEX,197200
R-1452,2026-07-27,451798,8054,MASTERCARD,791000
R-1453,2026-08-21,377874,3993,AMEX,193200
R-1454,2026-09-11,450799,9118,VISA,181600
R-1455,2026-08-02,589562,3436,VISA,197600
R-1456,2026-08-22,377874,9790,VISA,167400
R-1458,2026-08-19,377874,2725,MASTERCARD,208600
R-1459,2026-06-23,377874,3012,AMEX,108000
R-1460,2026-08-23,451798,7319,AMEX,730100
R-1461,2026-08-16,451798,6318,AMEX,201000
R-1462,2026-07-25,451798,2228,MASTERCARD,267600
R-1463,2026-08-14,451798,4003,AMEX,188000
R-1464,2026-08-13,497010,8732,AMEX,290400
R-1465,2026-09-02,377874,3172,AMEX,601300
R-1466,2026-07-30,451798,3024,MASTERCARD,220800
R-1467,2026-07-19,377874,7564,AMEX,261900
R-1469,2026-08-12,377874,8342,AMEX,100000
R-1470,2026-08-18,451798,4645,AMEX,337200
R-1471,2026-07-21,497010,3684,MASTERCARD,188200
R-1472,2026-09-06,451798,7525,VISA,420800
R-1474,2026-08-06,450799,4203,AMEX,211600
R-1475,2026-08-06,589562,1954,AMEX,414800
R-1476,2026-07-11,589562,9639,VISA,106900
R-1477,2026-08-19,589562,8112,AMEX,336600
R-1478,2026-07-15,377874,3171,AMEX,108800
R-1480,2026-09-10,589562,3629,VISA,428400
R-1481,2026-08-17,451798,6426,VISA,253800
R-1482,2026-08-28,438935,9734,AMEX,167800
R-1483,2026-07-16,377874,6536,MASTERCARD,99700
R-1485,2026-08-16,377874,9417,MASTERCARD,530000
R-1487,2026-07-31,450799,3312,AMEX,101800
R-1488,2026-08-31,589562,1926,MASTERCARD,254100
R-1489,2026-08-17,589562,1273,MASTERCARD,507500
R-1490,2026-08-27,450799,3249,AMEX,199400
R-1491,2026-07-22,450799,6206,VISA,381200
R-1492,2026-08-17,438935,7004,AMEX,261900
R-1496,2026-08-18,377874,8612,VISA,111000
R-1499,2026-08-19,589562,5253,MASTERCARD,344400
R-1500,2026-08-01,451798,2570,AMEX,85300
R-1502,2026-09-03,589562,2097,VISA,470000
R-1504,2026-09-02,377874,5964,AMEX,188000
R-1506,2026-07-13,547034,1421,VISA,176800
R-1508,2026-08-17,516292,4554,MASTERCARD,349600
R-1509,2026-08-02,589562,3169,AMEX,94200
R-1511,2026-07-15,513412,1178,MASTERCARD,320100
R-1516,2026-07-24,589562,8057,AMEX,171200
R-1517,2026-07-08,450799,2858,AMEX,106300
R-1518,2026-07-03,377874,7727,MASTERCARD,428400
R-1519,2026-07-06,450799,2847,VISA,266100
R-1521,2026-08-18,377874,6519,AMEX,458500
R-1522,2026-09-02,589562,4297,AMEX,235200
R-1525,2026-07-21,377874,1859,VISA,317700
R-1526,2026-06-24,450799,9535,VISA,349600
R-1527,2026-08-16,545612,8209,MASTERCARD,106200
R-1532,2026-07-18,377874,3833,VISA,260700
R-1533,2026-09-06,451798,2628,VISA,400400
R-1534,2026-08-30,589562,4705,MASTERCARD,351200
R-1535,2026-09-04,377874,9212,VISA,613900
R-1536,2026-08-09,451798,3881,AMEX,181000
R-1538,2026-07-06,377874,7323,MASTERCARD,355200
R-1539,2026-07-01,451798,8209,MASTERCARD,219400
R-1541,2026-08-29,589562,7507,VISA,294300
R-1542,2026-07-24,450799,3333,MASTERCARD,207600
R-1543,2026-07-15,377874,6676,MASTERCARD,693000
R-1544,2026-06-17,589562,1106,VISA,201200
R-1546,2026-09-12,456712,7954,VISA,535000
R-1550,2026-09-08,516292,9852,MASTERCARD,294600
R-1551,2026-08-04,530312,8652,MASTERCARD,382400
R-1552,2026-08-25,513412,7883,VISA,777000
R-1555,2026-08-07,540012,2847,MASTERCARD,195400
R-1556,2026-07-28,451798,2061,VISA,286500
R-1557,2026-08-20,451798,8520,MASTERCARD,233600
R-1558,2026-06-14,492181,2032,AMEX,86300
R-1560,2026-08-11,589562,7368,MASTERCARD,208000
R-1561,2026-07-21,589562,1310,AMEX,258300
R-1563,2026-09-11,450799,6328,MASTERCARD,171200
R-1564,2026-08-09,450799,8358,MASTERCARD,84200
R-1565,2026-06-17,450799,1478,AMEX,279600
R-1567,2026-06-26,377874,5235,MASTERCARD,168200
R-1568,2026-08-31,438935,4426,MASTERCARD,257700
R-1569,2026-09-06,521212,3152,MASTERCARD,252300
R-1570,2026-08-19,516292,1052,VISA,422000
R-1572,2026-08-20,589562,9842,MASTERCARD,639800
R-1574,2026-08-25,516292,2272,MASTERCARD,202400
R-1575,2026-08-01,377874,4787,VISA,215000
R-1576,2026-07-02,451798,1856,MASTERCARD,102300
R-1580,2026-08-03,451798,9241,AMEX,115600
R-1581,2026-06-14,451798,1420,MASTERCARD,89300
R-1582,2026-08-31,589562,3514,AMEX,113800
R-1584,2026-07-16,450799,2415,MASTERCARD,220800
R-1586,2026-06-20,438935,9489,VISA,269100
R-1587,2026-08-04,438935,8200,MASTERCARD,363200
R-1590,2026-07-03,377874,7695,MASTERCARD,197000
R-1595,2026-07-15,530312,1957,MASTERCARD,284400
R-1596,2026-08-08,589562,7759,VISA,88000
R-1597,2026-07-24,540012,2994,VISA,550500
R-1598,2026-07-21,492181,7340,MASTERCARD,104200
R-1599,2026-07-26,377874,1027,MASTERCARD,287100
R-1600,2026-08-04,455708,6249,MASTERCARD,192600
R-1601,2026-07-03,377874,2365,AMEX,383600
R-1602,2026-08-31,589562,2851,MASTERCARD,191800
R-1603,2026-09-08,450799,1566,VISA,319500
R-1604,2026-08-25,451798,6563,VISA,99600
R-1605,2026-08-13,589562,2042,MASTERCARD,102400
R-1607,2026-06-22,497010,9056,MASTERCARD,350400
R-1608,2026-07-06,451798,5158,MASTERCARD,113600
R-1609,2026-07-30,589562,7038,AMEX,219000
R-1611,2026-07-26,533012,1693,MASTERCARD,197200
R-1612,2026-08-05,589562,6252,VISA,100100
R-1613,2026-07-11,451798,7394,MASTERCARD,555500
R-1614,2026-08-24,377874,4628,AMEX,536000
R-1616,2026-07-09,377874,6273,MASTERCARD,440800
R-1619,2026-08-27,377874,8120,AMEX,334200
R-1621,2026-08-01,451798,2634,AMEX,285900
R-1625,2026-07-14,438935,1995,AMEX,214200
R-1626,2026-08-16,589562,4161,VISA,420400
R-1627,2026-09-01,377874,3203,MASTERCARD,98100
R-1628,2026-06-24,471589,1213,AMEX,293700
R-1631,2026-08-13,491667,3200,AMEX,99800
R-1632,2026-07-26,450799,9492,VISA,199000
R-1633,2026-08-02,589562,2438,MASTERCARD,517000
R-1635,2026-07-01,450799,6185,AMEX,102900
R-1636,2026-09-02,377874,9686,VISA,343600
R-1638,2026-06-22,451798,5319,AMEX,106700
R-1639,2026-08-18,589562,5060,VISA,395200
R-1640,2026-07-13,589562,3543,MASTERCARD,192000
R-1641,2026-07-13,450799,4100,AMEX,280500
R-1642,2026-07-05,451798,4826,VISA,88500
R-1645,2026-07-15,491667,2997,MASTERCARD,230400
R-1647,2026-08-20,547034,5848,MASTERCARD,188200
R-1648,2026-08-03,552031,5505,AMEX,288600
R-1650,2026-06-20,450799,1774,AMEX,92500
R-1653,2026-08-13,455708,7961,VISA,215600
R-1654,2026-07-30,530312,1959,AMEX,203600
R-1657,2026-08-31,589562,8322,MASTERCARD,311400
R-1660,2026-07-28,540012,8172,MASTERCARD,311100
R-1661,2026-09-02,451798,4433,MASTERCARD,212600
R-1662,2026-07-28,451798,7018,AMEX,213000
R-1664,2026-07-08,450799,8075,AMEX,101900
R-1665,2026-08-27,450799,6493,MASTERCARD,330900
R-1666,2026-08-29,513412,8080,AMEX,207800
R-1667,2026-08-20,589562,1720,VISA,279600
R-1670,2026-06-15,377874,1178,MASTERCARD,113000
R-1672,2026-06-19,456712,1318,MASTERCARD,332100
R-1673,2026-07-21,377874,3798,AMEX,105100
R-1674,2026-07-27,450799,4873,AMEX,176000
R-1675,2026-09-07,377874,4538,MASTERCARD,187200
R-1677,2026-09-07,589562,5714,AMEX,211800
R-1678,2026-07-02,516292,5529,MASTERCARD,91800
R-1679,2026-07-31,451798,9585,VISA,303600
R-1681,2026-08-28,451798,9579,MASTERCARD,180000
R-1683,2026-06-23,451798,9037,AMEX,196400
R-1684,2026-09-01,450799,8161,MASTERCARD,114100
R-1685,2026-07-07,450799,3946,VISA,94900
R-1686,2026-08-06,450799,2857,AMEX,85100
R-1687,2026-06-14,589562,4719,AMEX,96600
R-1688,2026-08-17,377874,9913,VISA,514000
R-1689,2026-06-17,589562,9910,VISA,229000
R-1690,2026-06-20,589562,7429,MASTERCARD,184800
R-1691,2026-08-25,451798,1675,AMEX,108000
R-1694,2026-06-27,451798,8307,VISA,93800
R-1695,2026-08-17,516292,7102,MASTERCARD,479000
R-1696,2026-07-06,450799,4496,AMEX,382800
R-1697,2026-08-02,451798,5461,VISA,177800
R-1698,2026-09-09,450799,9184,MASTERCARD,507500
R-1701,2026-07-17,542418,3369,AMEX,314100
R-1703,2026-08-17,438935,2206,AMEX,202000
R-1704,2026-07-23,492181,1931,AMEX,224400
R-1705,2026-07-31,589562,2613,AMEX,209600
R-1706,2026-08-24,451798,5444,AMEX,172600
R-1707,2026-08-30,513412,2733,VISA,565500
R-1708,2026-06-17,516292,4925,AMEX,202200
R-1709,2026-07-24,497010,9037,AMEX,551000
R-1710,2026-06-17,450799,3870,MASTERCARD,310800
R-1713,2026-08-31,471589,9522,MASTERCARD,274500
R-1714,2026-07-23,454181,8382,MASTERCARD,292500
R-1715,2026-09-03,377874,7476,MASTERCARD,679700
R-1716,2026-06-29,450799,9762,MASTERCARD,322500
R-1717,2026-07-08,450799,5822,AMEX,107400
R-1719,2026-08-24,450799,2128,MASTERCARD,540000
R-1720,2026-07-30,450799,2041,VISA,407600
R-1721,2026-09-12,589562,3843,AMEX,378800
R-1722,2026-07-07,450799,2557,MASTERCARD,200600
R-1725,2026-07-04,377874,4815,MASTERCARD,433200
R-1726,2026-07-02,377874,3639,VISA,352500
R-1728,2026-08-06,451798,6827,MASTERCARD,230000
R-1730,2026-08-10,438935,3894,VISA,211400
R-1731,2026-08-27,451798,9512,AMEX,220200
R-1733,2026-07-22,451798,3622,MASTERCARD,105200
R-1736,2026-08-11,450799,4111,VISA,422000
R-1737,2026-07-14,521212,8338,AMEX,232600
R-1738,2026-08-27,451798,7073,AMEX,322800
R-1742,2026-08-01,414720,3621,VISA,207400
R-1743,2026-06-14,589562,2319,AMEX,85400
R-1744,2026-07-27,451798,3793,MASTERCARD,410000
R-1745,2026-08-26,516292,9678,AMEX,289800
R-1746,2026-07-09,377874,9052,AMEX,502000
R-1748,2026-08-13,542418,6720,MASTERCARD,226600
R-1749,2026-07-27,377874,5908,MASTERCARD,181800
R-1750,2026-08-20,589562,5313,VISA,208800
R-1752,2026-06-25,450799,1221,MASTERCARD,648200
R-1753,2026-08-25,589562,4810,MASTERCARD,106500
R-1754,2026-09-08,589562,6167,AMEX,212000
R-1755,2026-07-19,450799,4740,AMEX,747600
R-1756,2026-09-05,377874,9870,AMEX,254100
R-1757,2026-07-26,589562,1803,AMEX,314100
R-1758,2026-08-19,589562,1258,AMEX,221400
R-1760,2026-07-26,589562,5230,VISA,107100
R-1761,2026-07-19,379141,5099,MASTERCARD,798000
R-1762,2026-08-28,545612,6232,AMEX,334800
R-1763,2026-07-12,451798,3671,VISA,290100
R-1764,2026-08-14,450799,7774,MASTERCARD,283800
R-1765,2026-06-25,589562,4912,MASTERCARD,297900
R-1766,2026-07-27,450799,1055,AMEX,390800
R-1767,2026-08-23,542418,2364,MASTERCARD,816900
R-1768,2026-09-03,379141,7902,AMEX,193400
R-1770,2026-07-15,377874,3354,VISA,207000
R-1771,2026-09-05,589562,3618,AMEX,105000
R-1772,2026-06-29,451798,4318,MASTERCARD,178200
R-1775,2026-07-17,377874,2872,AMEX,579500
R-1776,2026-07-12,589562,4789,AMEX,510000
R-1778,2026-06-27,450799,9248,MASTERCARD,667800
R-1781,2026-06-21,547034,9047,VISA,263400
R-1782,2026-07-12,377874,8263,MASTERCARD,187400
R-1783,2026-07-24,552031,4429,MASTERCARD,434000
R-1785,2026-07-15,379141,5429,MASTERCARD,377200
R-1787,2026-09-08,552031,1848,VISA,211600
R-1790,2026-06-17,377874,3985,AMEX,220200
R-1791,2026-09-12,471589,7508,VISA,274800
R-1793,2026-08-03,530312,4958,VISA,301500
R-1794,2026-08-30,451798,1158,AMEX,577000
R-1796,2026-09-06,589562,2226,AMEX,657300
R-1799,2026-09-04,450799,9361,MASTERCARD,91600
R-1801,2026-07-02,491667,3774,VISA,413200
R-1803,2026-08-01,521212,3515,MASTERCARD,565500
