reserva_id,huesped,pais_residencia_declarado,documento_tipo,documento_en_legajo,canal,check_in,check_out,noches,tarifa_noche_ars,total_alojamiento_ars,desayuno_incluido,consumos_extra_ars,medio_pago,comprobante_clase
R-1001,G. Ferrari,AR,DNI,si,Telefono/WhatsApp,2026-07-02,2026-07-04,2,104400,208800,si,0,tarjeta,B
R-1002,P. Dubois,AR,DNI,si,Directo web,2026-07-11,2026-07-15,4,103700,414800,si,0,transferencia_local,B
R-1003,E. Blanco,DE,Pasaporte,si,Walk-in,2026-09-07,2026-09-08,1,98800,98800,si,15200,transferencia_exterior,T
R-1004,M. Silva,AR,DNI,si,Booking.com,2026-06-25,2026-06-28,3,103800,311400,si,4500,tarjeta,B
R-1005,C. Rossi,AR,DNI,si,Booking.com,2026-07-24,2026-07-26,2,104700,209400,si,0,tarjeta,B
R-1006,V. Romero,AR,DNI,si,Booking.com,2026-08-21,2026-08-23,2,96700,193400,si,9800,tarjeta,B
R-1007,A. Costa,AR,DNI,si,Booking.com,2026-08-12,2026-08-14,2,101300,202600,si,9800,tarjeta,B
R-1008,N. Garcia,US,Pasaporte,no,Expedia,2026-08-23,2026-08-26,3,109600,328800,si,0,tarjeta,B
R-1009,P. Dubois,AR,DNI,si,Walk-in,2026-06-19,2026-06-24,5,97000,485000,si,4500,tarjeta,B
R-1010,A. Costa,AR,DNI,si,Despegar,2026-08-25,2026-08-26,1,100100,100100,si,4500,tarjeta,B
R-1011,P. Dubois,AR,DNI,si,Booking.com,2026-08-11,2026-08-12,1,99900,99900,si,0,efectivo_ars,B
R-1012,E. Blanco,AR,DNI,si,Telefono/WhatsApp,2026-07-31,2026-08-01,1,117400,117400,si,0,transferencia_local,B
R-1013,K. Novak,UY,Pasaporte,no,Despegar,2026-07-13,2026-07-14,1,95400,95400,si,22000,transferencia_exterior,A
R-1014,L. Fernandez,CL,Pasaporte,no,Walk-in,2026-06-30,2026-07-05,5,98000,490000,si,22000,tarjeta,B
R-1015,L. Fernandez,CO,Pasaporte,si,Booking.com,2026-09-06,2026-09-07,1,101200,101200,si,0,tarjeta,T
R-1016,L. Fernandez,AR,DNI,si,Telefono/WhatsApp,2026-07-31,2026-08-01,1,96600,96600,si,0,tarjeta,B
R-1017,I. Petrov,AR,DNI,si,Expedia,2026-07-31,2026-08-02,2,97600,195200,si,22000,tarjeta,B
R-1018,O. Ahmed,MX,Pasaporte,si,Booking.com,2026-08-14,2026-08-19,5,93300,466500,si,0,efectivo_ars,B
R-1019,G. Ferrari,CO,Pasaporte,no,Expedia,2026-07-10,2026-07-12,2,94100,188200,si,22000,tarjeta,B
R-1020,B. Lindqvist,AR,DNI,si,Despegar,2026-06-23,2026-06-26,3,91600,274800,si,9800,tarjeta,B
R-1021,A. Costa,AR,DNI,si,Directo web,2026-08-28,2026-09-01,4,109400,437600,si,15200,tarjeta,B
R-1022,A. Costa,AR,DNI,si,Telefono/WhatsApp,2026-08-07,2026-08-09,2,104000,208000,si,0,tarjeta,B
R-1023,V. Romero,AR,DNI,si,Booking.com,2026-09-03,2026-09-05,2,103800,207600,si,22000,efectivo_ars,B
R-1024,T. Nakamura,AR,DNI,si,Despegar,2026-07-11,2026-07-13,2,115700,231400,si,4500,tarjeta,B
R-1025,D. Oliveira,MX,Pasaporte,no,Directo web,2026-08-27,2026-09-01,5,102300,511500,si,0,tarjeta,B
R-1026,T. Nakamura,AR,DNI,si,Booking.com,2026-06-11,2026-06-12,1,101300,101300,si,0,efectivo_ars,B
R-1027,T. Nakamura,AR,DNI,si,Walk-in,2026-08-16,2026-08-18,2,117400,234800,si,15200,efectivo_ars,A
R-1028,M. Silva,AR,DNI,si,Directo web,2026-08-05,2026-08-06,1,100400,100400,si,0,tarjeta,B
R-1029,H. Weber,BR,Pasaporte,no,Booking.com,2026-06-30,2026-07-05,5,100600,503000,si,4500,tarjeta,A
R-1030,K. Novak,UY,Pasaporte,no,Booking.com,2026-07-03,2026-07-06,3,117200,351600,si,0,tarjeta,B
R-1031,R. Muller,CL,Pasaporte,no,Directo web,2026-08-24,2026-08-25,1,89500,89500,si,0,efectivo_ars,B
R-1032,J. Pereira,AR,DNI,si,Directo web,2026-07-05,2026-07-07,2,107200,214400,si,0,tarjeta,B
R-1033,M. Silva,AR,DNI,si,Booking.com,2026-08-01,2026-08-06,5,113400,567000,si,15200,tarjeta,A
R-1034,F. Almeida,FR,Pasaporte,si,Walk-in,2026-08-05,2026-08-10,5,87400,437000,si,0,tarjeta,T
R-1035,C. Rossi,UY,Pasaporte,no,Telefono/WhatsApp,2026-07-26,2026-07-28,2,113000,226000,si,0,tarjeta,B
R-1036,I. Petrov,CL,Pasaporte,no,Despegar,2026-06-18,2026-06-19,1,103100,103100,si,0,tarjeta,T
R-1037,T. Nakamura,US,Pasaporte,no,Directo web,2026-09-07,2026-09-08,1,104000,104000,si,0,tarjeta,B
R-1038,B. Lindqvist,BR,Pasaporte,si,Booking.com,2026-08-11,2026-08-12,1,100400,100400,si,9800,transferencia_exterior,T
R-1039,K. Novak,AR,DNI,si,Directo web,2026-08-27,2026-09-01,5,95100,475500,si,0,tarjeta,B
R-1040,I. Petrov,UY,Pasaporte,no,Walk-in,2026-06-14,2026-06-18,4,116100,464400,si,0,tarjeta,T
R-1041,M. Silva,AR,DNI,si,Directo web,2026-07-27,2026-08-01,5,92300,461500,si,4500,tarjeta,B
R-1042,P. Dubois,AR,DNI,si,Despegar,2026-07-07,2026-07-11,4,105700,422800,si,15200,tarjeta,B
R-1043,J. Pereira,BR,Pasaporte,si,Walk-in,2026-09-01,2026-09-03,2,88800,177600,si,9800,tarjeta,T
R-1044,T. Nakamura,AR,DNI,si,Expedia,2026-06-15,2026-06-19,4,91100,364400,si,4500,tarjeta,B
R-1045,E. Blanco,ES,Pasaporte,si,Expedia,2026-06-15,2026-06-16,1,104200,104200,si,15200,tarjeta,T
R-1046,A. Costa,AR,DNI,si,Despegar,2026-07-28,2026-08-02,5,92400,462000,si,22000,tarjeta,B
R-1047,A. Costa,DE,Pasaporte,no,Directo web,2026-07-28,2026-07-31,3,106500,319500,si,15200,efectivo_ars,B
R-1048,B. Lindqvist,AR,DNI,si,Booking.com,2026-07-20,2026-07-22,2,106700,213400,si,0,efectivo_ars,B
R-1049,F. Almeida,AR,DNI,si,Booking.com,2026-09-01,2026-09-02,1,101200,101200,si,15200,tarjeta,B
R-1050,B. Lindqvist,AR,DNI,si,Booking.com,2026-06-12,2026-06-13,1,110300,110300,si,15200,tarjeta,B
R-1051,L. Fernandez,BR,Pasaporte,no,Despegar,2026-07-10,2026-07-13,3,116900,350700,si,0,tarjeta,T
R-1052,O. Ahmed,DE,Pasaporte,no,Despegar,2026-08-31,2026-09-03,3,94400,283200,si,15200,tarjeta,B
R-1053,V. Romero,AR,DNI,si,Booking.com,2026-08-12,2026-08-13,1,91700,91700,si,0,tarjeta,A
R-1054,R. Muller,AR,DNI,si,Booking.com,2026-06-12,2026-06-15,3,97200,291600,si,22000,tarjeta,B
R-1055,H. Weber,AR,DNI,si,Walk-in,2026-07-07,2026-07-10,3,98400,295200,si,9800,tarjeta,B
R-1056,H. Weber,AR,DNI,si,Booking.com,2026-09-03,2026-09-07,4,103500,414000,si,0,transferencia_local,B
R-1057,A. Costa,AR,DNI,si,Walk-in,2026-08-23,2026-08-25,2,105000,210000,si,22000,efectivo_ars,B
R-1058,N. Garcia,DE,Pasaporte,si,Booking.com,2026-07-13,2026-07-17,4,87700,350800,si,0,tarjeta,B
R-1059,R. Muller,AR,DNI,si,Booking.com,2026-08-24,2026-08-25,1,87300,87300,si,0,efectivo_ars,B
R-1060,R. Muller,AR,DNI,si,Booking.com,2026-09-03,2026-09-06,3,105000,315000,si,15200,tarjeta,B
R-1061,H. Weber,DE,Pasaporte,no,Booking.com,2026-08-21,2026-08-26,5,108600,543000,si,9800,tarjeta,B
R-1062,K. Novak,AR,DNI,si,Directo web,2026-06-15,2026-06-16,1,102700,102700,si,9800,tarjeta,B
R-1063,L. Fernandez,AR,DNI,si,Telefono/WhatsApp,2026-07-16,2026-07-19,3,87100,261300,si,0,tarjeta,A
R-1064,M. Silva,AR,DNI,si,Booking.com,2026-07-12,2026-07-15,3,113400,340200,si,15200,tarjeta,B
R-1065,D. Oliveira,CL,Pasaporte,no,Walk-in,2026-07-08,2026-07-12,4,103100,412400,si,0,efectivo_ars,B
R-1066,L. Fernandez,ES,Pasaporte,si,Despegar,2026-08-13,2026-08-16,3,87700,263100,si,9800,tarjeta,B
R-1067,G. Ferrari,FR,Pasaporte,si,Booking.com,2026-06-28,2026-07-01,3,95800,287400,si,9800,tarjeta,B
R-1068,S. Johnson,AR,DNI,si,Directo web,2026-08-07,2026-08-12,5,116600,583000,si,0,efectivo_ars,B
R-1069,L. Fernandez,AR,DNI,si,Directo web,2026-06-11,2026-06-14,3,91300,273900,si,9800,tarjeta,B
R-1070,F. Almeida,UY,Pasaporte,si,Booking.com,2026-08-30,2026-09-01,2,100000,200000,si,0,efectivo_ars,B
R-1071,L. Fernandez,CO,Pasaporte,si,Booking.com,2026-07-02,2026-07-06,4,84600,338400,si,22000,tarjeta,T
R-1072,C. Rossi,AR,DNI,si,Booking.com,2026-07-02,2026-07-05,3,101700,305100,si,15200,tarjeta,B
R-1073,A. Costa,DE,Pasaporte,si,Booking.com,2026-07-18,2026-07-22,4,101000,404000,si,9800,tarjeta,B
R-1075,I. Petrov,CL,Pasaporte,si,Directo web,2026-07-04,2026-07-05,1,114800,114800,si,4500,efectivo_usd,A
R-1076,N. Garcia,AR,DNI,si,Expedia,2026-07-02,2026-07-06,4,101400,405600,si,9800,efectivo_ars,B
R-1077,V. Romero,AR,DNI,si,Telefono/WhatsApp,2026-06-29,2026-07-02,3,105100,315300,si,0,transferencia_local,A
R-1078,P. Dubois,CL,Pasaporte,no,Directo web,2026-08-23,2026-08-25,2,105200,210400,si,0,efectivo_ars,B
R-1079,K. Novak,AR,DNI,si,Booking.com,2026-06-19,2026-06-24,5,109200,546000,si,4500,transferencia_local,B
R-1080,V. Romero,AR,DNI,si,Despegar,2026-08-18,2026-08-22,4,106100,424400,si,0,tarjeta,A
R-1081,E. Blanco,ES,Pasaporte,no,Despegar,2026-08-15,2026-08-19,4,112200,448800,si,9800,tarjeta,B
R-1082,T. Nakamura,AR,DNI,si,Booking.com,2026-08-30,2026-09-04,5,117200,586000,si,0,tarjeta,B
R-1083,O. Ahmed,AR,DNI,si,Despegar,2026-08-26,2026-08-29,3,105000,315000,si,0,tarjeta,B
R-1084,D. Oliveira,BR,Pasaporte,no,Walk-in,2026-07-02,2026-07-05,3,107600,322800,si,0,tarjeta,B
R-1085,D. Oliveira,AR,DNI,si,Directo web,2026-07-05,2026-07-06,1,115100,115100,si,4500,tarjeta,A
R-1086,S. Johnson,AR,DNI,si,Booking.com,2026-07-10,2026-07-11,1,101500,101500,si,15200,tarjeta,B
R-1087,E. Blanco,UY,Pasaporte,si,Booking.com,2026-07-04,2026-07-05,1,107500,107500,si,22000,tarjeta,T
R-1088,O. Ahmed,AR,DNI,si,Directo web,2026-07-31,2026-08-02,2,117300,234600,si,4500,efectivo_ars,B
R-1089,C. Rossi,AR,DNI,si,Directo web,2026-09-01,2026-09-04,3,93100,279300,si,15200,efectivo_ars,B
R-1090,F. Almeida,AR,DNI,si,Booking.com,2026-08-15,2026-08-19,4,94100,376400,si,9800,transferencia_local,A
R-1091,G. Ferrari,BR,Pasaporte,si,Booking.com,2026-08-01,2026-08-05,4,111100,444400,si,4500,tarjeta,T
R-1092,J. Pereira,AR,DNI,si,Telefono/WhatsApp,2026-06-23,2026-06-25,2,95400,190800,si,4500,tarjeta,A
R-1093,H. Weber,DE,Pasaporte,no,Telefono/WhatsApp,2026-06-17,2026-06-21,4,89600,358400,si,4500,tarjeta,T
R-1094,A. Costa,AR,DNI,si,Walk-in,2026-07-21,2026-07-23,2,100500,201000,si,0,efectivo_ars,B
R-1095,A. Costa,BR,Pasaporte,no,Telefono/WhatsApp,2026-06-19,2026-06-22,3,112600,337800,si,22000,tarjeta,B
R-1096,G. Ferrari,AR,DNI,si,Booking.com,2026-08-19,2026-08-23,4,93600,374400,si,22000,tarjeta,B
R-1097,C. Rossi,CO,Pasaporte,si,Despegar,2026-08-29,2026-08-31,2,112800,225600,si,0,tarjeta,T
R-1098,J. Pereira,DE,Pasaporte,no,Booking.com,2026-07-31,2026-08-03,3,116000,348000,si,15200,tarjeta,B
R-1099,M. Silva,AR,DNI,si,Directo web,2026-07-30,2026-08-01,2,101900,203800,si,9800,transferencia_local,B
R-1100,A. Costa,BR,Pasaporte,no,Despegar,2026-06-27,2026-06-28,1,102700,102700,si,9800,efectivo_usd,A
R-1101,T. Nakamura,ES,Pasaporte,si,Booking.com,2026-07-15,2026-07-19,4,91400,365600,si,9800,tarjeta,T
R-1102,A. Costa,AR,DNI,si,Expedia,2026-08-15,2026-08-19,4,112600,450400,si,22000,tarjeta,B
R-1103,F. Almeida,AR,DNI,si,Booking.com,2026-07-29,2026-07-31,2,99200,198400,si,0,tarjeta,B
R-1104,A. Costa,UY,Pasaporte,si,Telefono/WhatsApp,2026-08-11,2026-08-14,3,97900,293700,si,0,tarjeta,T
R-1105,E. Blanco,ES,Pasaporte,si,Expedia,2026-06-16,2026-06-17,1,106400,106400,si,0,tarjeta,B
R-1106,C. Rossi,AR,DNI,si,Directo web,2026-06-27,2026-06-30,3,100000,300000,si,22000,tarjeta,B
R-1107,B. Lindqvist,AR,DNI,si,Booking.com,2026-08-20,2026-08-21,1,99300,99300,si,0,tarjeta,B
R-1108,G. Ferrari,CL,Pasaporte,si,Booking.com,2026-08-20,2026-08-21,1,103400,103400,si,4500,tarjeta,T
R-1109,S. Johnson,US,Pasaporte,si,Despegar,2026-09-01,2026-09-03,2,92000,184000,si,4500,tarjeta,A
R-1110,V. Romero,AR,DNI,si,Despegar,2026-06-13,2026-06-15,2,97700,195400,si,15200,efectivo_ars,B
R-1111,P. Dubois,AR,DNI,si,Telefono/WhatsApp,2026-08-31,2026-09-02,2,92400,184800,si,22000,efectivo_ars,B
R-1112,A. Costa,CL,Pasaporte,si,Booking.com,2026-09-02,2026-09-04,2,95700,191400,si,0,efectivo_ars,B
R-1113,F. Almeida,MX,Pasaporte,no,Expedia,2026-06-30,2026-07-04,4,97200,388800,si,0,transferencia_exterior,A
R-1114,I. Petrov,US,Pasaporte,si,Expedia,2026-07-06,2026-07-08,2,96500,193000,si,22000,efectivo_ars,B
R-1115,T. Nakamura,AR,DNI,si,Booking.com,2026-07-22,2026-07-25,3,83600,250800,si,15200,tarjeta,B
R-1116,A. Costa,ES,Pasaporte,si,Directo web,2026-07-07,2026-07-09,2,98800,197600,si,22000,tarjeta,T
R-1117,O. Ahmed,BR,Pasaporte,no,Telefono/WhatsApp,2026-08-28,2026-08-29,1,107700,107700,si,15200,tarjeta,B
R-1118,H. Weber,UY,Pasaporte,si,Telefono/WhatsApp,2026-07-06,2026-07-08,2,104900,209800,si,0,efectivo_ars,B
R-1119,J. Pereira,CL,Pasaporte,no,Booking.com,2026-07-31,2026-08-01,1,106400,106400,si,4500,efectivo_ars,B
R-1120,A. Costa,AR,DNI,si,Booking.com,2026-07-09,2026-07-16,7,99300,695100,si,0,transferencia_local,B
R-1121,H. Weber,US,Pasaporte,no,Directo web,2026-09-01,2026-09-04,3,99200,297600,si,0,tarjeta,B
R-1122,K. Novak,BR,Pasaporte,no,Booking.com,2026-06-30,2026-07-02,2,101400,202800,si,0,transferencia_exterior,B
R-1123,B. Lindqvist,AR,DNI,si,Directo web,2026-08-06,2026-08-08,2,87100,174200,si,22000,tarjeta,B
R-1124,K. Novak,US,Pasaporte,si,Expedia,2026-06-26,2026-06-28,2,94000,188000,si,15200,tarjeta,B
R-1125,L. Fernandez,CL,Pasaporte,si,Despegar,2026-07-08,2026-07-10,2,91600,183200,si,4500,tarjeta,B
R-1126,P. Dubois,US,Pasaporte,si,Booking.com,2026-09-02,2026-09-07,5,98800,494000,si,0,tarjeta,T
R-1127,R. Muller,AR,DNI,si,Expedia,2026-07-27,2026-07-30,3,103500,310500,si,0,transferencia_local,B
R-1128,R. Muller,UY,Pasaporte,no,Telefono/WhatsApp,2026-07-07,2026-07-08,1,89300,89300,si,9800,tarjeta,A
R-1129,B. Lindqvist,AR,DNI,si,Booking.com,2026-08-15,2026-08-18,3,116600,349800,si,15200,tarjeta,B
R-1130,L. Fernandez,AR,DNI,si,Despegar,2026-08-05,2026-08-06,1,95200,95200,si,0,tarjeta,B
R-1131,G. Ferrari,AR,DNI,si,Directo web,2026-07-12,2026-07-13,1,97700,97700,si,4500,efectivo_ars,B
R-1132,T. Nakamura,AR,DNI,si,Booking.com,2026-06-14,2026-06-18,4,113500,454000,si,0,tarjeta,B
R-1133,M. Silva,MX,Pasaporte,si,Expedia,2026-08-14,2026-08-17,3,105200,315600,si,9800,tarjeta,T
R-1134,L. Fernandez,AR,DNI,si,Booking.com,2026-09-03,2026-09-07,4,90800,363200,si,15200,efectivo_ars,B
R-1135,H. Weber,US,Pasaporte,si,Booking.com,2026-07-12,2026-07-16,4,102700,410800,si,4500,tarjeta,T
R-1136,N. Garcia,AR,DNI,si,Booking.com,2026-08-26,2026-08-29,3,106200,318600,si,4500,tarjeta,B
R-1137,V. Romero,AR,DNI,si,Booking.com,2026-06-19,2026-06-21,2,94900,189800,si,15200,efectivo_ars,B
R-1138,B. Lindqvist,AR,DNI,si,Directo web,2026-08-25,2026-08-30,5,94300,471500,si,0,tarjeta,B
R-1139,D. Oliveira,UY,Pasaporte,si,Booking.com,2026-08-25,2026-08-29,4,89600,358400,si,4500,tarjeta,B
R-1140,P. Dubois,AR,DNI,si,Booking.com,2026-07-22,2026-07-24,2,85300,170600,si,0,tarjeta,B
R-1141,R. Muller,BR,Pasaporte,si,Directo web,2026-06-24,2026-06-25,1,98400,98400,si,0,tarjeta,T
R-1142,A. Costa,AR,DNI,si,Telefono/WhatsApp,2026-08-16,2026-08-20,4,104700,418800,si,0,efectivo_ars,B
R-1143,C. Rossi,AR,DNI,si,Despegar,2026-08-24,2026-08-28,4,98600,394400,si,15200,transferencia_local,B
R-1144,O. Ahmed,US,Pasaporte,no,Expedia,2026-09-02,2026-09-06,4,103500,414000,si,9800,tarjeta,B
R-1145,G. Ferrari,AR,DNI,si,Despegar,2026-06-29,2026-06-30,1,91900,91900,si,22000,tarjeta,B
R-1146,K. Novak,AR,DNI,si,Walk-in,2026-06-22,2026-06-27,5,99300,496500,si,9800,transferencia_local,B
R-1147,T. Nakamura,AR,DNI,si,Booking.com,2026-08-25,2026-08-26,1,84200,84200,si,0,efectivo_ars,A
R-1148,R. Muller,CL,Pasaporte,si,Directo web,2026-08-30,2026-09-01,2,113400,226800,si,0,transferencia_exterior,T
R-1149,J. Pereira,AR,DNI,si,Booking.com,2026-08-17,2026-08-19,2,92100,184200,si,22000,tarjeta,B
R-1150,T. Nakamura,CL,Pasaporte,si,Directo web,2026-06-14,2026-06-15,1,99300,99300,si,9800,tarjeta,T
R-1151,V. Romero,AR,DNI,si,Booking.com,2026-08-02,2026-08-03,1,104700,104700,si,0,efectivo_ars,B
R-1152,E. Blanco,AR,DNI,si,Booking.com,2026-06-28,2026-07-01,3,94500,283500,si,22000,tarjeta,B
R-1153,S. Johnson,ES,Pasaporte,si,Expedia,2026-07-30,2026-08-02,3,91700,275100,si,0,efectivo_ars,B
R-1154,T. Nakamura,AR,DNI,si,Booking.com,2026-06-18,2026-06-19,1,90800,90800,si,4500,transferencia_local,B
R-1155,K. Novak,BR,Pasaporte,no,Booking.com,2026-08-28,2026-08-29,1,104700,104700,si,9800,efectivo_ars,B
R-1156,J. Pereira,UY,Pasaporte,si,Booking.com,2026-08-09,2026-08-11,2,108500,217000,si,22000,tarjeta,B
R-1157,A. Costa,CL,Pasaporte,si,Directo web,2026-07-16,2026-07-17,1,85100,85100,si,22000,tarjeta,B
R-1158,O. Ahmed,AR,DNI,si,Booking.com,2026-06-28,2026-07-02,4,116800,467200,si,0,transferencia_local,B
R-1159,R. Muller,AR,DNI,si,Booking.com,2026-07-01,2026-07-04,3,87400,262200,si,0,efectivo_ars,A
R-1160,M. Silva,ES,Pasaporte,si,Telefono/WhatsApp,2026-08-26,2026-08-29,3,106600,319800,si,15200,tarjeta,T
R-1161,K. Novak,AR,DNI,si,Directo web,2026-06-25,2026-07-02,7,103100,721700,si,15200,tarjeta,A
R-1162,R. Muller,AR,DNI,si,Booking.com,2026-08-07,2026-08-09,2,108400,216800,si,0,tarjeta,B
R-1163,V. Romero,BR,Pasaporte,si,Directo web,2026-08-24,2026-08-26,2,96900,193800,si,4500,tarjeta,B
R-1164,C. Rossi,FR,Pasaporte,si,Telefono/WhatsApp,2026-07-06,2026-07-08,2,98200,196400,si,22000,efectivo_ars,B
R-1165,P. Dubois,UY,Pasaporte,no,Booking.com,2026-08-07,2026-08-08,1,102700,102700,si,9800,tarjeta,B
R-1166,L. Fernandez,AR,DNI,si,Booking.com,2026-07-23,2026-07-26,3,98700,296100,si,9800,tarjeta,B
R-1167,I. Petrov,BR,Pasaporte,no,Booking.com,2026-06-25,2026-06-28,3,102400,307200,si,9800,tarjeta,B
R-1168,G. Ferrari,AR,DNI,si,Despegar,2026-07-13,2026-07-16,3,104600,313800,si,15200,tarjeta,B
R-1169,B. Lindqvist,FR,Pasaporte,si,Expedia,2026-08-05,2026-08-08,3,107100,321300,si,22000,efectivo_ars,B
R-1170,V. Romero,AR,DNI,si,Despegar,2026-07-18,2026-07-23,5,107300,536500,si,22000,tarjeta,B
R-1171,A. Costa,AR,DNI,si,Booking.com,2026-08-05,2026-08-06,1,91500,91500,si,15200,tarjeta,B
R-1172,R. Muller,CO,Pasaporte,si,Telefono/WhatsApp,2026-08-16,2026-08-18,2,102900,205800,si,0,transferencia_exterior,T
R-1173,D. Oliveira,AR,DNI,si,Booking.com,2026-06-12,2026-06-14,2,105400,210800,si,15200,tarjeta,B
R-1174,C. Rossi,US,Pasaporte,si,Telefono/WhatsApp,2026-07-20,2026-07-24,4,98700,394800,si,0,tarjeta,T
R-1175,D. Oliveira,CO,Pasaporte,no,Booking.com,2026-07-22,2026-07-24,2,107300,214600,si,0,efectivo_usd,B
R-1176,L. Fernandez,CO,Pasaporte,no,Booking.com,2026-06-29,2026-07-01,2,86500,173000,si,0,efectivo_ars,B
R-1177,A. Costa,AR,DNI,si,Directo web,2026-07-20,2026-07-21,1,90700,90700,si,22000,efectivo_ars,B
R-1178,G. Ferrari,AR,DNI,si,Despegar,2026-08-08,2026-08-15,7,116100,812700,si,0,tarjeta,B
R-1179,I. Petrov,AR,DNI,si,Booking.com,2026-07-20,2026-07-23,3,101200,303600,si,0,tarjeta,B
R-1180,V. Romero,AR,DNI,si,Despegar,2026-08-04,2026-08-09,5,85700,428500,si,0,tarjeta,B
R-1181,P. Dubois,AR,DNI,si,Telefono/WhatsApp,2026-07-31,2026-08-03,3,108300,324900,si,0,tarjeta,B
R-1182,R. Muller,AR,DNI,si,Booking.com,2026-07-27,2026-07-29,2,86400,172800,si,4500,tarjeta,B
R-1183,A. Costa,AR,DNI,si,Walk-in,2026-08-08,2026-08-11,3,107500,322500,si,0,tarjeta,B
R-1184,E. Blanco,CO,Pasaporte,si,Booking.com,2026-08-25,2026-08-27,2,86200,172400,si,0,transferencia_exterior,T
R-1185,B. Lindqvist,US,Pasaporte,no,Booking.com,2026-07-07,2026-07-08,1,108000,108000,si,0,transferencia_exterior,T
R-1186,S. Johnson,FR,Pasaporte,no,Booking.com,2026-07-10,2026-07-12,2,94000,188000,si,0,tarjeta,A
R-1187,H. Weber,AR,DNI,si,Telefono/WhatsApp,2026-08-17,2026-08-19,2,87700,175400,si,4500,efectivo_ars,B
R-1188,H. Weber,DE,Pasaporte,no,Booking.com,2026-06-17,2026-06-24,7,92000,644000,si,9800,transferencia_exterior,B
R-1189,L. Fernandez,US,Pasaporte,si,Booking.com,2026-06-22,2026-06-24,2,104700,209400,si,22000,tarjeta,B
R-1190,P. Dubois,ES,Pasaporte,si,Booking.com,2026-06-24,2026-06-27,3,107000,321000,si,15200,efectivo_usd,B
R-1191,B. Lindqvist,AR,DNI,si,Booking.com,2026-07-11,2026-07-15,4,99200,396800,si,0,tarjeta,B
R-1192,S. Johnson,AR,DNI,si,Expedia,2026-08-21,2026-08-23,2,96000,192000,si,4500,tarjeta,B
R-1193,O. Ahmed,AR,DNI,si,Directo web,2026-09-07,2026-09-09,2,95000,190000,si,9800,efectivo_ars,B
R-1194,V. Romero,UY,Pasaporte,no,Booking.com,2026-07-29,2026-08-05,7,90100,630700,si,9800,tarjeta,B
R-1195,P. Dubois,AR,DNI,si,Booking.com,2026-07-04,2026-07-05,1,114000,114000,si,0,efectivo_ars,B
R-1196,M. Silva,AR,DNI,si,Booking.com,2026-06-15,2026-06-19,4,95700,382800,si,15200,transferencia_local,B
R-1197,O. Ahmed,CO,Pasaporte,no,Directo web,2026-08-29,2026-08-31,2,102200,204400,si,0,tarjeta,B
R-1198,G. Ferrari,AR,DNI,si,Despegar,2026-06-30,2026-07-04,4,102300,409200,si,9800,tarjeta,B
R-1199,T. Nakamura,AR,DNI,si,Despegar,2026-07-13,2026-07-16,3,104400,313200,si,0,efectivo_ars,B
R-1200,G. Ferrari,AR,DNI,si,Booking.com,2026-08-20,2026-08-25,5,96900,484500,si,9800,tarjeta,B
R-1201,H. Weber,ES,Pasaporte,no,Expedia,2026-08-26,2026-08-28,2,85500,171000,si,9800,tarjeta,A
R-1202,R. Muller,AR,DNI,si,Booking.com,2026-06-17,2026-06-20,3,92600,277800,si,22000,tarjeta,B
R-1203,R. Muller,AR,DNI,si,Booking.com,2026-07-30,2026-08-01,2,99500,199000,si,22000,tarjeta,B
R-1204,N. Garcia,BR,Pasaporte,no,Directo web,2026-07-15,2026-07-17,2,101200,202400,si,0,tarjeta,B
R-1205,B. Lindqvist,UY,Pasaporte,si,Booking.com,2026-07-03,2026-07-05,2,99200,198400,si,9800,tarjeta,B
R-1206,A. Costa,AR,DNI,si,Telefono/WhatsApp,2026-07-26,2026-07-27,1,115700,115700,si,15200,transferencia_local,B
R-1207,I. Petrov,FR,Pasaporte,si,Despegar,2026-06-16,2026-06-18,2,95500,191000,si,22000,efectivo_usd,B
R-1208,K. Novak,AR,DNI,si,Directo web,2026-08-08,2026-08-09,1,99500,99500,si,4500,tarjeta,B
R-1209,A. Costa,AR,DNI,si,Booking.com,2026-07-18,2026-07-19,1,101900,101900,si,0,transferencia_local,B
R-1210,G. Ferrari,UY,Pasaporte,si,Despegar,2026-09-03,2026-09-06,3,91900,275700,si,0,transferencia_exterior,T
R-1211,L. Fernandez,DE,Pasaporte,no,Walk-in,2026-06-24,2026-06-25,1,91500,91500,si,9800,tarjeta,B
R-1212,G. Ferrari,US,Pasaporte,no,Expedia,2026-07-02,2026-07-03,1,98200,98200,si,4500,tarjeta,B
R-1213,O. Ahmed,AR,DNI,si,Despegar,2026-07-17,2026-07-20,3,96100,288300,si,9800,efectivo_ars,A
R-1214,N. Garcia,AR,DNI,si,Booking.com,2026-06-24,2026-06-27,3,103900,311700,si,15200,tarjeta,A
R-1215,K. Novak,AR,DNI,si,Booking.com,2026-07-04,2026-07-07,3,114600,343800,si,0,tarjeta,B
R-1216,S. Johnson,AR,DNI,si,Despegar,2026-08-21,2026-08-22,1,104300,104300,si,0,tarjeta,A
R-1217,S. Johnson,AR,DNI,si,Telefono/WhatsApp,2026-07-05,2026-07-08,3,110000,330000,si,0,transferencia_local,B
R-1218,L. Fernandez,AR,DNI,si,Booking.com,2026-07-06,2026-07-07,1,89700,89700,si,0,tarjeta,B
R-1219,A. Costa,AR,DNI,si,Booking.com,2026-08-22,2026-08-29,7,117000,819000,si,0,tarjeta,A
R-1220,J. Pereira,AR,DNI,si,Despegar,2026-09-07,2026-09-09,2,84700,169400,si,15200,tarjeta,B
R-1221,O. Ahmed,AR,DNI,si,Walk-in,2026-06-23,2026-06-30,7,101800,712600,si,0,tarjeta,B
R-1222,R. Muller,AR,DNI,si,Booking.com,2026-08-04,2026-08-05,1,95800,95800,si,0,efectivo_ars,B
R-1223,H. Weber,AR,DNI,si,Expedia,2026-06-22,2026-06-24,2,101400,202800,si,4500,efectivo_ars,B
R-1224,M. Silva,AR,DNI,si,Directo web,2026-08-27,2026-08-28,1,96800,96800,si,0,tarjeta,A
R-1225,S. Johnson,AR,DNI,si,Expedia,2026-08-19,2026-08-23,4,87100,348400,si,22000,tarjeta,B
R-1226,D. Oliveira,AR,DNI,si,Directo web,2026-06-20,2026-06-22,2,100600,201200,si,4500,transferencia_local,B
R-1227,F. Almeida,AR,DNI,si,Despegar,2026-07-03,2026-07-07,4,102600,410400,si,9800,tarjeta,B
R-1228,A. Costa,CO,Pasaporte,no,Walk-in,2026-06-19,2026-06-24,5,106800,534000,si,4500,transferencia_exterior,A
R-1229,J. Pereira,FR,Pasaporte,no,Expedia,2026-07-27,2026-07-30,3,96600,289800,si,15200,efectivo_usd,B
R-1230,M. Silva,AR,DNI,si,Telefono/WhatsApp,2026-06-28,2026-07-01,3,105300,315900,si,0,transferencia_local,B
R-1231,E. Blanco,AR,DNI,si,Booking.com,2026-08-27,2026-08-30,3,100200,300600,si,22000,efectivo_ars,B
R-1232,A. Costa,AR,DNI,si,Booking.com,2026-06-15,2026-06-17,2,91600,183200,si,0,tarjeta,B
R-1233,D. Oliveira,UY,Pasaporte,si,Expedia,2026-08-13,2026-08-16,3,96600,289800,si,9800,tarjeta,B
R-1234,S. Johnson,MX,Pasaporte,no,Booking.com,2026-07-02,2026-07-05,3,97100,291300,si,22000,efectivo_ars,B
R-1235,M. Silva,AR,DNI,si,Booking.com,2026-07-06,2026-07-08,2,84000,168000,si,15200,efectivo_ars,B
R-1236,J. Pereira,AR,DNI,si,Telefono/WhatsApp,2026-07-06,2026-07-08,2,98600,197200,si,0,tarjeta,A
R-1237,D. Oliveira,AR,DNI,si,Booking.com,2026-06-13,2026-06-16,3,105900,317700,si,0,tarjeta,A
R-1238,H. Weber,MX,Pasaporte,no,Expedia,2026-06-22,2026-06-23,1,98600,98600,si,22000,efectivo_usd,B
R-1239,L. Fernandez,AR,DNI,si,Booking.com,2026-08-10,2026-08-14,4,105000,420000,si,22000,tarjeta,B
R-1240,J. Pereira,BR,Pasaporte,no,Booking.com,2026-06-15,2026-06-18,3,106300,318900,si,9800,tarjeta,T
R-1241,J. Pereira,AR,DNI,si,Expedia,2026-07-03,2026-07-05,2,100400,200800,si,0,tarjeta,B
R-1242,I. Petrov,AR,DNI,si,Booking.com,2026-08-25,2026-08-26,1,94400,94400,si,9800,tarjeta,B
R-1243,N. Garcia,AR,DNI,si,Booking.com,2026-07-06,2026-07-09,3,93600,280800,si,22000,tarjeta,B
R-1244,M. Silva,AR,DNI,si,Booking.com,2026-07-09,2026-07-13,4,107400,429600,si,4500,tarjeta,B
R-1245,I. Petrov,BR,Pasaporte,si,Booking.com,2026-06-26,2026-06-29,3,113400,340200,si,15200,tarjeta,B
R-1246,N. Garcia,BR,Pasaporte,si,Despegar,2026-07-30,2026-08-01,2,108100,216200,si,0,tarjeta,T
R-1247,T. Nakamura,AR,DNI,si,Directo web,2026-08-14,2026-08-15,1,99300,99300,si,4500,tarjeta,B
R-1248,D. Oliveira,AR,DNI,si,Directo web,2026-09-04,2026-09-08,4,93300,373200,si,22000,tarjeta,B
R-1249,F. Almeida,AR,DNI,si,Booking.com,2026-08-23,2026-08-25,2,94500,189000,si,4500,tarjeta,B
R-1250,N. Garcia,AR,DNI,si,Booking.com,2026-07-27,2026-07-31,4,84400,337600,si,9800,tarjeta,B
R-1251,M. Silva,AR,DNI,si,Despegar,2026-08-14,2026-08-18,4,103300,413200,si,0,tarjeta,B
R-1252,I. Petrov,BR,Pasaporte,no,Directo web,2026-07-16,2026-07-20,4,98000,392000,si,0,tarjeta,B
R-1253,P. Dubois,AR,DNI,si,Directo web,2026-07-01,2026-07-03,2,104100,208200,si,0,tarjeta,B
R-1254,C. Rossi,AR,DNI,si,Despegar,2026-07-29,2026-08-03,5,83800,419000,si,9800,tarjeta,B
R-1255,N. Garcia,AR,DNI,si,Expedia,2026-08-06,2026-08-09,3,96800,290400,si,0,efectivo_ars,B
R-1256,H. Weber,AR,DNI,si,Booking.com,2026-08-31,2026-09-02,2,92300,184600,si,4500,tarjeta,B
R-1257,M. Silva,AR,DNI,si,Booking.com,2026-07-14,2026-07-18,4,94100,376400,si,22000,tarjeta,B
R-1258,S. Johnson,AR,DNI,si,Telefono/WhatsApp,2026-07-18,2026-07-20,2,115000,230000,si,0,tarjeta,B
R-1259,V. Romero,AR,DNI,si,Directo web,2026-08-21,2026-08-23,2,107900,215800,si,0,tarjeta,B
R-1260,I. Petrov,AR,DNI,si,Telefono/WhatsApp,2026-08-31,2026-09-04,4,96200,384800,si,9800,efectivo_ars,B
R-1261,C. Rossi,AR,DNI,si,Directo web,2026-08-29,2026-08-30,1,93600,93600,si,15200,tarjeta,B
R-1262,K. Novak,AR,DNI,si,Booking.com,2026-08-26,2026-08-29,3,85900,257700,si,9800,tarjeta,B
R-1263,C. Rossi,AR,DNI,si,Booking.com,2026-08-22,2026-08-23,1,103400,103400,si,0,tarjeta,B
R-1264,V. Romero,BR,Pasaporte,no,Booking.com,2026-07-03,2026-07-05,2,106200,212400,si,0,tarjeta,B
R-1265,J. Pereira,AR,DNI,si,Directo web,2026-06-26,2026-07-03,7,117200,820400,si,15200,tarjeta,B
R-1266,T. Nakamura,AR,DNI,si,Expedia,2026-07-26,2026-07-29,3,107600,322800,si,9800,tarjeta,B
R-1267,S. Johnson,BR,Pasaporte,no,Booking.com,2026-07-07,2026-07-08,1,94900,94900,si,0,tarjeta,B
R-1268,V. Romero,AR,DNI,si,Telefono/WhatsApp,2026-06-17,2026-06-20,3,105200,315600,si,0,efectivo_ars,B
R-1269,K. Novak,BR,Pasaporte,si,Expedia,2026-07-30,2026-08-04,5,103700,518500,si,4500,tarjeta,B
R-1270,G. Ferrari,US,Pasaporte,si,Walk-in,2026-09-07,2026-09-10,3,97500,292500,si,0,tarjeta,T
R-1271,N. Garcia,UY,Pasaporte,no,Booking.com,2026-06-17,2026-06-19,2,95100,190200,si,22000,efectivo_ars,B
R-1272,A. Costa,BR,Pasaporte,si,Telefono/WhatsApp,2026-09-05,2026-09-06,1,100800,100800,si,15200,efectivo_ars,B
R-1273,F. Almeida,US,Pasaporte,no,Expedia,2026-06-30,2026-07-01,1,107400,107400,si,0,transferencia_exterior,B
R-1274,F. Almeida,AR,DNI,si,Booking.com,2026-07-26,2026-07-27,1,107600,107600,si,15200,tarjeta,B
R-1275,L. Fernandez,AR,DNI,si,Expedia,2026-08-11,2026-08-15,4,103500,414000,si,9800,tarjeta,B
R-1276,N. Garcia,AR,DNI,si,Booking.com,2026-08-06,2026-08-11,5,101600,508000,si,4500,tarjeta,B
R-1277,H. Weber,AR,DNI,si,Booking.com,2026-08-28,2026-08-31,3,104000,312000,si,15200,efectivo_ars,B
R-1278,H. Weber,CL,Pasaporte,no,Walk-in,2026-09-03,2026-09-05,2,98100,196200,si,4500,tarjeta,B
R-1279,H. Weber,CO,Pasaporte,si,Booking.com,2026-08-12,2026-08-15,3,88000,264000,si,0,tarjeta,T
R-1280,I. Petrov,BR,Pasaporte,si,Directo web,2026-08-17,2026-08-19,2,104100,208200,si,0,transferencia_exterior,B
R-1281,K. Novak,AR,DNI,si,Booking.com,2026-07-27,2026-07-28,1,91500,91500,si,15200,tarjeta,B
R-1282,H. Weber,AR,DNI,si,Booking.com,2026-07-03,2026-07-05,2,101100,202200,si,22000,tarjeta,B
R-1283,C. Rossi,AR,DNI,si,Expedia,2026-08-01,2026-08-05,4,115000,460000,si,22000,efectivo_ars,A
R-1284,P. Dubois,AR,DNI,si,Booking.com,2026-08-10,2026-08-12,2,104700,209400,si,0,tarjeta,B
R-1285,N. Garcia,AR,DNI,si,Walk-in,2026-07-21,2026-07-24,3,96000,288000,si,22000,tarjeta,B
R-1286,B. Lindqvist,AR,DNI,si,Booking.com,2026-08-20,2026-08-27,7,84600,592200,si,22000,tarjeta,B
R-1287,K. Novak,US,Pasaporte,si,Telefono/WhatsApp,2026-07-03,2026-07-07,4,94700,378800,si,4500,transferencia_exterior,B
R-1288,R. Muller,AR,DNI,si,Telefono/WhatsApp,2026-06-26,2026-06-27,1,94200,94200,si,0,efectivo_ars,B
R-1289,A. Costa,US,Pasaporte,si,Booking.com,2026-06-19,2026-06-22,3,101600,304800,si,22000,tarjeta,T
R-1290,D. Oliveira,AR,DNI,si,Directo web,2026-07-17,2026-07-21,4,100200,400800,si,0,tarjeta,A
R-1291,E. Blanco,AR,DNI,si,Despegar,2026-07-24,2026-07-27,3,106900,320700,si,9800,transferencia_local,B
R-1292,I. Petrov,US,Pasaporte,si,Walk-in,2026-08-01,2026-08-02,1,95800,95800,si,4500,tarjeta,T
R-1293,I. Petrov,AR,DNI,si,Directo web,2026-06-29,2026-06-30,1,99300,99300,si,0,tarjeta,B
R-1294,G. Ferrari,CL,Pasaporte,si,Booking.com,2026-09-07,2026-09-08,1,97100,97100,si,0,tarjeta,B
R-1295,V. Romero,AR,DNI,si,Booking.com,2026-08-18,2026-08-20,2,92400,184800,si,0,tarjeta,B
R-1296,J. Pereira,BR,Pasaporte,si,Booking.com,2026-06-27,2026-07-01,4,103000,412000,si,0,transferencia_exterior,B
R-1297,S. Johnson,US,Pasaporte,no,Directo web,2026-07-12,2026-07-14,2,106600,213200,si,0,transferencia_exterior,B
R-1298,B. Lindqvist,BR,Pasaporte,si,Directo web,2026-07-26,2026-07-28,2,103900,207800,si,0,transferencia_exterior,T
R-1299,N. Garcia,AR,DNI,si,Telefono/WhatsApp,2026-07-15,2026-07-16,1,105500,105500,si,15200,tarjeta,B
R-1300,D. Oliveira,AR,DNI,si,Telefono/WhatsApp,2026-06-21,2026-06-22,1,95400,95400,si,0,transferencia_local,B
R-1301,I. Petrov,US,Pasaporte,si,Expedia,2026-06-24,2026-06-27,3,95300,285900,si,15200,tarjeta,T
R-1302,C. Rossi,MX,Pasaporte,no,Booking.com,2026-06-14,2026-06-15,1,109900,109900,si,0,tarjeta,B
R-1303,B. Lindqvist,AR,DNI,si,Booking.com,2026-08-16,2026-08-17,1,115100,115100,si,15200,transferencia_local,B
R-1304,M. Silva,AR,DNI,si,Expedia,2026-08-30,2026-09-01,2,94000,188000,si,0,transferencia_local,B
R-1305,H. Weber,AR,DNI,si,Booking.com,2026-09-03,2026-09-05,2,104800,209600,si,9800,tarjeta,B
R-1306,I. Petrov,FR,Pasaporte,si,Telefono/WhatsApp,2026-08-05,2026-08-06,1,87200,87200,si,9800,tarjeta,B
R-1307,K. Novak,AR,DNI,si,Booking.com,2026-06-20,2026-06-27,7,99700,697900,si,0,tarjeta,B
R-1308,A. Costa,AR,DNI,si,Booking.com,2026-09-04,2026-09-05,1,95400,95400,si,15200,efectivo_ars,B
R-1309,J. Pereira,AR,DNI,si,Directo web,2026-06-18,2026-06-19,1,105900,105900,si,15200,transferencia_local,B
R-1310,O. Ahmed,AR,DNI,si,Booking.com,2026-07-18,2026-07-20,2,97200,194400,si,0,tarjeta,B
R-1311,H. Weber,UY,Pasaporte,no,Booking.com,2026-06-22,2026-06-26,4,101400,405600,si,0,efectivo_ars,B
R-1312,G. Ferrari,AR,DNI,si,Directo web,2026-09-01,2026-09-05,4,98100,392400,si,15200,tarjeta,B
R-1313,O. Ahmed,US,Pasaporte,si,Booking.com,2026-07-26,2026-07-28,2,117600,235200,si,0,efectivo_usd,B
R-1314,F. Almeida,AR,DNI,si,Directo web,2026-06-20,2026-06-25,5,94300,471500,si,0,tarjeta,B
R-1315,V. Romero,AR,DNI,si,Booking.com,2026-07-21,2026-07-22,1,104100,104100,si,0,efectivo_ars,A
R-1316,E. Blanco,AR,DNI,si,Booking.com,2026-08-23,2026-08-27,4,116200,464800,si,0,tarjeta,B
R-1317,J. Pereira,AR,DNI,si,Booking.com,2026-08-22,2026-08-25,3,108600,325800,si,4500,efectivo_ars,B
R-1318,O. Ahmed,AR,DNI,si,Telefono/WhatsApp,2026-06-30,2026-07-04,4,107400,429600,si,9800,efectivo_ars,B
R-1319,F. Almeida,BR,Pasaporte,no,Despegar,2026-09-06,2026-09-07,1,111600,111600,si,4500,tarjeta,B
R-1320,R. Muller,CO,Pasaporte,si,Directo web,2026-06-18,2026-06-19,1,91300,91300,si,9800,tarjeta,B
R-1321,H. Weber,AR,DNI,si,Walk-in,2026-07-04,2026-07-06,2,112500,225000,si,0,tarjeta,B
R-1322,M. Silva,AR,DNI,si,Booking.com,2026-06-25,2026-07-02,7,101700,711900,si,22000,tarjeta,B
R-1323,P. Dubois,AR,DNI,si,Telefono/WhatsApp,2026-08-31,2026-09-04,4,87200,348800,si,4500,efectivo_ars,B
R-1324,R. Muller,DE,Pasaporte,no,Booking.com,2026-08-07,2026-08-09,2,115600,231200,si,15200,efectivo_ars,B
R-1325,A. Costa,UY,Pasaporte,si,Directo web,2026-07-18,2026-07-20,2,107700,215400,si,0,transferencia_exterior,T
R-1326,M. Silva,AR,DNI,si,Despegar,2026-07-31,2026-08-01,1,117200,117200,si,0,tarjeta,B
R-1327,O. Ahmed,AR,DNI,si,Walk-in,2026-07-28,2026-07-29,1,95900,95900,si,22000,tarjeta,B
R-1328,T. Nakamura,AR,DNI,si,Directo web,2026-08-19,2026-08-20,1,94600,94600,si,0,tarjeta,A
R-1329,I. Petrov,AR,DNI,si,Booking.com,2026-09-06,2026-09-08,2,110600,221200,si,0,tarjeta,B
R-1330,I. Petrov,AR,DNI,si,Despegar,2026-07-11,2026-07-16,5,93600,468000,si,0,transferencia_local,B
R-1331,J. Pereira,UY,Pasaporte,si,Directo web,2026-07-28,2026-08-04,7,99700,697900,si,9800,tarjeta,T
R-1332,H. Weber,MX,Pasaporte,si,Walk-in,2026-08-15,2026-08-16,1,111300,111300,si,0,tarjeta,T
R-1333,D. Oliveira,AR,DNI,si,Telefono/WhatsApp,2026-08-09,2026-08-13,4,106200,424800,si,22000,tarjeta,B
R-1334,B. Lindqvist,ES,Pasaporte,si,Expedia,2026-07-24,2026-07-27,3,106300,318900,si,0,transferencia_exterior,T
R-1335,N. Garcia,BR,Pasaporte,si,Despegar,2026-08-18,2026-08-23,5,94500,472500,si,9800,tarjeta,B
R-1336,J. Pereira,BR,Pasaporte,si,Booking.com,2026-06-28,2026-07-01,3,101100,303300,si,0,tarjeta,B
R-1337,E. Blanco,US,Pasaporte,no,Telefono/WhatsApp,2026-06-21,2026-06-25,4,114500,458000,si,9800,tarjeta,B
R-1338,G. Ferrari,US,Pasaporte,si,Booking.com,2026-07-28,2026-07-30,2,90900,181800,si,22000,tarjeta,A
R-1339,M. Silva,AR,DNI,si,Booking.com,2026-07-11,2026-07-13,2,104100,208200,si,22000,tarjeta,B
R-1340,V. Romero,CO,Pasaporte,no,Booking.com,2026-07-14,2026-07-15,1,86600,86600,si,0,tarjeta,B
R-1341,D. Oliveira,CO,Pasaporte,no,Booking.com,2026-06-15,2026-06-16,1,104800,104800,si,4500,tarjeta,B
R-1342,O. Ahmed,US,Pasaporte,no,Despegar,2026-07-24,2026-07-27,3,115800,347400,si,22000,tarjeta,B
R-1343,G. Ferrari,AR,DNI,si,Booking.com,2026-06-13,2026-06-16,3,101700,305100,si,15200,tarjeta,B
R-1344,G. Ferrari,AR,DNI,si,Despegar,2026-08-02,2026-08-04,2,95400,190800,si,4500,tarjeta,B
R-1345,J. Pereira,AR,DNI,si,Booking.com,2026-07-16,2026-07-20,4,90300,361200,si,0,tarjeta,B
R-1346,D. Oliveira,AR,DNI,si,Directo web,2026-08-17,2026-08-20,3,102300,306900,si,22000,transferencia_local,B
R-1347,S. Johnson,AR,DNI,si,Booking.com,2026-08-03,2026-08-04,1,108100,108100,si,0,transferencia_local,B
R-1348,S. Johnson,BR,Pasaporte,si,Despegar,2026-07-17,2026-07-18,1,116600,116600,si,22000,tarjeta,T
R-1349,D. Oliveira,AR,DNI,si,Directo web,2026-09-04,2026-09-06,2,117800,235600,si,15200,tarjeta,B
R-1350,S. Johnson,AR,DNI,si,Telefono/WhatsApp,2026-08-02,2026-08-09,7,110200,771400,si,15200,transferencia_local,B
R-1351,A. Costa,AR,DNI,si,Booking.com,2026-07-20,2026-07-22,2,97900,195800,si,0,transferencia_local,B
R-1352,C. Rossi,AR,DNI,si,Telefono/WhatsApp,2026-06-18,2026-06-20,2,95000,190000,si,0,transferencia_local,B
R-1353,T. Nakamura,AR,DNI,si,Directo web,2026-08-14,2026-08-18,4,111400,445600,si,22000,tarjeta,B
R-1354,L. Fernandez,CL,Pasaporte,si,Booking.com,2026-08-21,2026-08-24,3,98500,295500,si,0,efectivo_ars,B
R-1355,V. Romero,AR,DNI,si,Booking.com,2026-09-05,2026-09-10,5,107200,536000,si,0,tarjeta,B
R-1356,T. Nakamura,AR,DNI,si,Booking.com,2026-06-15,2026-06-18,3,100800,302400,si,4500,efectivo_ars,A
R-1357,T. Nakamura,UY,Pasaporte,no,Booking.com,2026-07-26,2026-07-27,1,95200,95200,si,0,tarjeta,B
R-1358,L. Fernandez,AR,DNI,si,Booking.com,2026-09-02,2026-09-04,2,101500,203000,si,0,transferencia_local,B
R-1359,C. Rossi,AR,DNI,si,Booking.com,2026-09-01,2026-09-03,2,99100,198200,si,15200,tarjeta,B
R-1360,T. Nakamura,AR,DNI,si,Booking.com,2026-06-19,2026-06-22,3,102800,308400,si,15200,tarjeta,B
R-1361,A. Costa,UY,Pasaporte,si,Telefono/WhatsApp,2026-08-30,2026-08-31,1,109500,109500,si,22000,tarjeta,T
R-1362,N. Garcia,AR,DNI,si,Despegar,2026-06-11,2026-06-14,3,93700,281100,si,0,tarjeta,B
R-1363,I. Petrov,AR,DNI,si,Expedia,2026-08-15,2026-08-17,2,99200,198400,si,22000,efectivo_ars,B
R-1364,B. Lindqvist,AR,DNI,si,Directo web,2026-07-29,2026-07-31,2,101600,203200,si,9800,tarjeta,B
R-1365,I. Petrov,CL,Pasaporte,si,Directo web,2026-08-10,2026-08-13,3,103400,310200,si,9800,tarjeta,B
R-1366,I. Petrov,AR,DNI,si,Booking.com,2026-08-17,2026-08-21,4,86100,344400,si,15200,tarjeta,B
R-1367,V. Romero,BR,Pasaporte,si,Expedia,2026-06-14,2026-06-16,2,111900,223800,si,0,efectivo_ars,B
R-1368,L. Fernandez,AR,DNI,si,Booking.com,2026-07-03,2026-07-07,4,116500,466000,si,4500,transferencia_local,B
R-1369,B. Lindqvist,US,Pasaporte,no,Despegar,2026-07-07,2026-07-14,7,90600,634200,si,0,transferencia_exterior,B
R-1370,D. Oliveira,US,Pasaporte,si,Directo web,2026-07-05,2026-07-08,3,98800,296400,si,15200,tarjeta,A
R-1371,O. Ahmed,AR,DNI,si,Booking.com,2026-06-27,2026-07-02,5,96700,483500,si,4500,tarjeta,B
R-1372,J. Pereira,BR,Pasaporte,si,Booking.com,2026-07-24,2026-07-25,1,111400,111400,si,0,tarjeta,T
R-1373,D. Oliveira,BR,Pasaporte,si,Booking.com,2026-07-13,2026-07-16,3,85700,257100,si,0,efectivo_usd,B
R-1374,S. Johnson,AR,DNI,si,Telefono/WhatsApp,2026-08-13,2026-08-15,2,96200,192400,si,22000,transferencia_local,B
R-1375,O. Ahmed,BR,Pasaporte,si,Expedia,2026-08-11,2026-08-12,1,102400,102400,si,15200,efectivo_ars,B
R-1376,T. Nakamura,AR,DNI,si,Booking.com,2026-07-22,2026-07-24,2,105600,211200,si,4500,tarjeta,B
R-1377,R. Muller,AR,DNI,si,Booking.com,2026-08-07,2026-08-08,1,106500,106500,si,0,tarjeta,B
R-1378,M. Silva,BR,Pasaporte,no,Directo web,2026-07-24,2026-07-26,2,93900,187800,si,0,efectivo_ars,B
R-1379,C. Rossi,AR,DNI,si,Telefono/WhatsApp,2026-08-01,2026-08-05,4,110600,442400,si,0,efectivo_ars,B
R-1380,M. Silva,CL,Pasaporte,no,Booking.com,2026-07-25,2026-07-27,2,116700,233400,si,0,tarjeta,A
R-1381,O. Ahmed,AR,DNI,si,Telefono/WhatsApp,2026-07-22,2026-07-25,3,87500,262500,si,0,tarjeta,A
R-1382,J. Pereira,AR,DNI,si,Booking.com,2026-07-21,2026-07-23,2,97300,194600,si,0,tarjeta,B
R-1383,K. Novak,AR,DNI,si,Booking.com,2026-07-28,2026-07-30,2,98500,197000,si,4500,efectivo_ars,B
R-1384,B. Lindqvist,AR,DNI,si,Directo web,2026-07-24,2026-07-28,4,112700,450800,si,15200,tarjeta,B
R-1385,L. Fernandez,UY,Pasaporte,si,Directo web,2026-07-10,2026-07-15,5,100000,500000,si,22000,transferencia_exterior,T
R-1386,E. Blanco,CO,Pasaporte,si,Booking.com,2026-06-22,2026-06-24,2,96400,192800,si,4500,tarjeta,B
R-1387,C. Rossi,AR,DNI,si,Booking.com,2026-07-07,2026-07-12,5,104200,521000,si,0,tarjeta,B
R-1388,A. Costa,AR,DNI,si,Directo web,2026-06-22,2026-06-25,3,104500,313500,si,22000,tarjeta,B
R-1389,B. Lindqvist,UY,Pasaporte,si,Booking.com,2026-07-09,2026-07-10,1,91800,91800,si,0,efectivo_ars,B
R-1390,T. Nakamura,US,Pasaporte,no,Booking.com,2026-08-22,2026-08-25,3,98500,295500,si,9800,tarjeta,B
R-1391,O. Ahmed,AR,DNI,si,Booking.com,2026-06-13,2026-06-15,2,101100,202200,si,22000,efectivo_ars,B
R-1392,K. Novak,UY,Pasaporte,si,Directo web,2026-06-21,2026-06-25,4,95300,381200,si,0,transferencia_exterior,T
R-1393,K. Novak,AR,DNI,si,Directo web,2026-06-11,2026-06-18,7,84800,593600,si,22000,tarjeta,B
R-1394,E. Blanco,AR,DNI,si,Booking.com,2026-08-10,2026-08-11,1,84000,84000,si,0,tarjeta,A
R-1395,A. Costa,UY,Pasaporte,no,Booking.com,2026-07-14,2026-07-17,3,83900,251700,si,22000,efectivo_ars,A
R-1396,V. Romero,AR,DNI,si,Expedia,2026-06-20,2026-06-23,3,104100,312300,si,4500,efectivo_ars,B
R-1397,O. Ahmed,CO,Pasaporte,no,Expedia,2026-08-01,2026-08-03,2,110400,220800,si,4500,efectivo_ars,B
R-1398,M. Silva,US,Pasaporte,si,Telefono/WhatsApp,2026-07-31,2026-08-01,1,101300,101300,si,15200,tarjeta,T
R-1399,R. Muller,UY,Pasaporte,si,Telefono/WhatsApp,2026-08-07,2026-08-09,2,117800,235600,si,9800,tarjeta,B
R-1400,H. Weber,CO,Pasaporte,no,Booking.com,2026-08-18,2026-08-19,1,89300,89300,si,0,tarjeta,T
R-1401,G. Ferrari,AR,DNI,si,Despegar,2026-07-05,2026-07-10,5,106000,530000,si,0,tarjeta,B
R-1402,S. Johnson,AR,DNI,si,Despegar,2026-08-01,2026-08-03,2,97900,195800,si,22000,tarjeta,B
R-1403,V. Romero,AR,DNI,si,Booking.com,2026-06-24,2026-06-25,1,92900,92900,si,0,tarjeta,B
R-1404,N. Garcia,FR,Pasaporte,no,Despegar,2026-06-24,2026-06-29,5,102100,510500,si,0,tarjeta,B
R-1405,J. Pereira,AR,DNI,si,Despegar,2026-07-02,2026-07-04,2,103700,207400,si,0,transferencia_local,B
R-1406,S. Johnson,AR,DNI,si,Expedia,2026-07-16,2026-07-20,4,86300,345200,si,0,tarjeta,B
R-1407,N. Garcia,AR,DNI,si,Expedia,2026-08-31,2026-09-01,1,106000,106000,si,15200,efectivo_ars,B
R-1408,H. Weber,AR,DNI,si,Booking.com,2026-09-05,2026-09-06,1,117500,117500,si,0,efectivo_ars,B
R-1409,L. Fernandez,AR,DNI,si,Booking.com,2026-08-09,2026-08-10,1,96200,96200,si,22000,efectivo_ars,A
R-1410,D. Oliveira,DE,Pasaporte,si,Despegar,2026-09-01,2026-09-02,1,100000,100000,si,15200,tarjeta,B
R-1411,F. Almeida,AR,DNI,si,Directo web,2026-08-05,2026-08-09,4,102000,408000,si,0,efectivo_ars,B
R-1412,L. Fernandez,AR,DNI,si,Despegar,2026-06-20,2026-06-23,3,94200,282600,si,0,transferencia_local,B
R-1413,O. Ahmed,AR,DNI,si,Telefono/WhatsApp,2026-07-03,2026-07-04,1,100400,100400,si,0,tarjeta,A
R-1414,T. Nakamura,AR,DNI,si,Booking.com,2026-08-16,2026-08-18,2,108400,216800,si,9800,efectivo_ars,A
R-1415,A. Costa,DE,Pasaporte,no,Booking.com,2026-06-12,2026-06-14,2,100200,200400,si,0,efectivo_ars,B
R-1416,E. Blanco,MX,Pasaporte,no,Booking.com,2026-08-07,2026-08-09,2,115500,231000,si,4500,tarjeta,A
R-1417,H. Weber,US,Pasaporte,si,Booking.com,2026-08-22,2026-08-29,7,94800,663600,si,15200,tarjeta,B
R-1418,M. Silva,AR,DNI,si,Despegar,2026-08-05,2026-08-07,2,96000,192000,si,9800,tarjeta,B
R-1419,A. Costa,AR,DNI,si,Booking.com,2026-07-03,2026-07-05,2,102400,204800,si,15200,tarjeta,B
R-1420,K. Novak,MX,Pasaporte,si,Booking.com,2026-08-12,2026-08-15,3,92700,278100,si,9800,efectivo_ars,B
R-1421,B. Lindqvist,AR,DNI,si,Telefono/WhatsApp,2026-07-09,2026-07-11,2,107400,214800,si,22000,tarjeta,A
R-1422,D. Oliveira,AR,DNI,si,Booking.com,2026-06-24,2026-07-01,7,103100,721700,si,0,efectivo_ars,B
R-1423,G. Ferrari,AR,DNI,si,Expedia,2026-07-16,2026-07-21,5,105100,525500,si,22000,efectivo_ars,B
R-1424,H. Weber,AR,DNI,si,Directo web,2026-08-13,2026-08-15,2,93500,187000,si,9800,tarjeta,B
R-1425,G. Ferrari,UY,Pasaporte,si,Booking.com,2026-08-29,2026-09-02,4,117700,470800,si,0,tarjeta,A
R-1426,T. Nakamura,UY,Pasaporte,si,Directo web,2026-08-29,2026-08-31,2,114100,228200,si,0,tarjeta,B
R-1427,R. Muller,UY,Pasaporte,si,Booking.com,2026-07-24,2026-07-27,3,116000,348000,si,0,tarjeta,B
R-1428,V. Romero,AR,DNI,si,Directo web,2026-09-06,2026-09-09,3,109800,329400,si,4500,tarjeta,B
R-1429,R. Muller,AR,DNI,si,Booking.com,2026-07-30,2026-07-31,1,87800,87800,si,4500,tarjeta,B
R-1430,I. Petrov,AR,DNI,si,Despegar,2026-06-26,2026-06-28,2,100200,200400,si,4500,tarjeta,A
R-1431,O. Ahmed,AR,DNI,si,Booking.com,2026-08-17,2026-08-22,5,107200,536000,si,0,tarjeta,B
R-1432,H. Weber,US,Pasaporte,no,Expedia,2026-08-08,2026-08-12,4,101400,405600,si,22000,tarjeta,B
R-1433,J. Pereira,AR,DNI,si,Booking.com,2026-06-24,2026-06-26,2,104900,209800,si,15200,transferencia_local,B
R-1434,M. Silva,BR,Pasaporte,si,Telefono/WhatsApp,2026-07-30,2026-07-31,1,103100,103100,si,0,tarjeta,T
R-1435,A. Costa,AR,DNI,si,Directo web,2026-08-28,2026-09-02,5,108200,541000,si,15200,transferencia_local,B
R-1436,N. Garcia,DE,Pasaporte,si,Walk-in,2026-06-24,2026-06-26,2,101000,202000,si,4500,tarjeta,B
R-1437,B. Lindqvist,UY,Pasaporte,no,Directo web,2026-09-04,2026-09-06,2,108500,217000,si,4500,efectivo_ars,B
R-1438,D. Oliveira,AR,DNI,si,Telefono/WhatsApp,2026-07-29,2026-07-30,1,94700,94700,si,0,tarjeta,B
R-1439,J. Pereira,AR,DNI,si,Despegar,2026-06-22,2026-06-24,2,90300,180600,si,0,tarjeta,B
R-1440,S. Johnson,AR,DNI,si,Directo web,2026-06-21,2026-06-24,3,95800,287400,si,9800,tarjeta,B
R-1441,I. Petrov,AR,DNI,si,Telefono/WhatsApp,2026-08-03,2026-08-06,3,106500,319500,si,22000,tarjeta,B
R-1442,A. Costa,AR,DNI,si,Telefono/WhatsApp,2026-07-15,2026-07-18,3,93800,281400,si,22000,tarjeta,A
R-1443,F. Almeida,AR,DNI,si,Directo web,2026-06-17,2026-06-20,3,104800,314400,si,0,tarjeta,B
R-1444,N. Garcia,US,Pasaporte,no,Booking.com,2026-07-15,2026-07-18,3,84400,253200,si,0,efectivo_usd,B
R-1445,L. Fernandez,AR,DNI,si,Booking.com,2026-06-14,2026-06-15,1,99900,99900,si,15200,tarjeta,B
R-1446,T. Nakamura,MX,Pasaporte,si,Booking.com,2026-08-28,2026-08-31,3,102900,308700,si,22000,efectivo_ars,A
R-1447,S. Johnson,ES,Pasaporte,no,Booking.com,2026-06-30,2026-07-01,1,89200,89200,si,0,tarjeta,B
R-1448,A. Costa,AR,DNI,si,Directo web,2026-06-25,2026-06-28,3,88700,266100,si,15200,tarjeta,B
R-1449,V. Romero,AR,DNI,si,Despegar,2026-08-14,2026-08-17,3,106900,320700,si,22000,tarjeta,B
R-1450,I. Petrov,CO,Pasaporte,si,Directo web,2026-07-13,2026-07-15,2,92500,185000,si,0,tarjeta,T
R-1451,D. Oliveira,AR,DNI,si,Telefono/WhatsApp,2026-08-07,2026-08-09,2,98600,197200,si,15200,tarjeta,B
R-1452,K. Novak,MX,Pasaporte,si,Expedia,2026-07-18,2026-07-25,7,113000,791000,si,0,tarjeta,B
R-1453,O. Ahmed,CO,Pasaporte,si,Despegar,2026-08-17,2026-08-19,2,96600,193200,si,0,tarjeta,B
R-1454,T. Nakamura,AR,DNI,si,Booking.com,2026-09-07,2026-09-09,2,90800,181600,si,4500,tarjeta,B
R-1455,J. Pereira,AR,DNI,si,Expedia,2026-07-29,2026-07-31,2,98800,197600,si,4500,tarjeta,B
R-1456,C. Rossi,AR,DNI,si,Booking.com,2026-08-18,2026-08-20,2,83700,167400,si,22000,tarjeta,B
R-1457,F. Almeida,CO,Pasaporte,no,Despegar,2026-06-30,2026-07-01,1,88700,88700,si,4500,efectivo_ars,B
R-1458,P. Dubois,US,Pasaporte,si,Despegar,2026-08-15,2026-08-17,2,104300,208600,si,9800,tarjeta,B
R-1459,N. Garcia,AR,DNI,si,Booking.com,2026-06-20,2026-06-21,1,108000,108000,si,0,tarjeta,B
R-1460,V. Romero,AR,DNI,si,Directo web,2026-08-14,2026-08-21,7,104300,730100,si,9800,tarjeta,B
R-1461,O. Ahmed,AR,DNI,si,Booking.com,2026-08-12,2026-08-14,2,100500,201000,si,0,tarjeta,B
R-1462,L. Fernandez,CO,Pasaporte,si,Booking.com,2026-07-20,2026-07-23,3,89200,267600,si,15200,tarjeta,B
R-1463,D. Oliveira,AR,DNI,si,Booking.com,2026-08-10,2026-08-12,2,94000,188000,si,0,tarjeta,B
R-1464,A. Costa,FR,Pasaporte,si,Walk-in,2026-08-08,2026-08-11,3,96800,290400,si,22000,tarjeta,B
R-1465,I. Petrov,ES,Pasaporte,no,Walk-in,2026-08-24,2026-08-31,7,85900,601300,si,15200,tarjeta,B
R-1466,O. Ahmed,BR,Pasaporte,no,Telefono/WhatsApp,2026-07-26,2026-07-28,2,110400,220800,si,9800,tarjeta,B
R-1467,M. Silva,AR,DNI,si,Directo web,2026-07-14,2026-07-17,3,87300,261900,si,0,tarjeta,B
R-1468,L. Fernandez,AR,DNI,si,Booking.com,2026-07-22,2026-07-27,5,87300,436500,si,22000,efectivo_ars,B
R-1469,L. Fernandez,AR,DNI,si,Booking.com,2026-08-09,2026-08-10,1,100000,100000,si,0,tarjeta,B
R-1470,O. Ahmed,AR,DNI,si,Booking.com,2026-08-12,2026-08-16,4,84300,337200,si,15200,tarjeta,B
R-1471,J. Pereira,FR,Pasaporte,si,Booking.com,2026-07-17,2026-07-19,2,94100,188200,si,0,tarjeta,T
R-1472,K. Novak,AR,DNI,si,Walk-in,2026-08-31,2026-09-04,4,105200,420800,si,0,tarjeta,B
R-1473,V. Romero,UY,Pasaporte,si,Walk-in,2026-08-22,2026-08-23,1,117000,117000,si,0,transferencia_exterior,B
R-1474,J. Pereira,AR,DNI,si,Booking.com,2026-08-02,2026-08-04,2,105800,211600,si,4500,tarjeta,B
R-1475,I. Petrov,US,Pasaporte,si,Despegar,2026-07-31,2026-08-04,4,103700,414800,si,22000,tarjeta,A
R-1476,M. Silva,AR,DNI,si,Booking.com,2026-07-08,2026-07-09,1,106900,106900,si,0,tarjeta,B
R-1477,C. Rossi,AR,DNI,si,Despegar,2026-08-14,2026-08-17,3,112200,336600,si,0,tarjeta,B
R-1478,K. Novak,BR,Pasaporte,no,Booking.com,2026-07-12,2026-07-13,1,108800,108800,si,4500,tarjeta,B
R-1479,O. Ahmed,AR,DNI,si,Booking.com,2026-07-14,2026-07-16,2,88900,177800,si,15200,efectivo_ars,B
R-1480,P. Dubois,BR,Pasaporte,no,Booking.com,2026-09-04,2026-09-08,4,107100,428400,si,0,tarjeta,B
R-1481,L. Fernandez,AR,DNI,si,Directo web,2026-08-12,2026-08-15,3,84600,253800,si,9800,tarjeta,B
R-1482,E. Blanco,BR,Pasaporte,no,Booking.com,2026-08-24,2026-08-26,2,83900,167800,si,15200,tarjeta,B
R-1483,R. Muller,AR,DNI,si,Telefono/WhatsApp,2026-07-13,2026-07-14,1,99700,99700,si,15200,tarjeta,B
R-1484,E. Blanco,US,Pasaporte,si,Booking.com,2026-06-18,2026-06-21,3,96900,290700,si,0,transferencia_exterior,T
R-1485,K. Novak,BR,Pasaporte,si,Walk-in,2026-08-09,2026-08-14,5,106000,530000,si,4500,tarjeta,B
R-1486,H. Weber,AR,DNI,si,Walk-in,2026-08-08,2026-08-10,2,110500,221000,si,22000,efectivo_ars,A
R-1487,M. Silva,AR,DNI,si,Directo web,2026-07-28,2026-07-29,1,101800,101800,si,0,tarjeta,B
R-1488,N. Garcia,AR,DNI,si,Booking.com,2026-08-26,2026-08-29,3,84700,254100,si,0,tarjeta,B
R-1489,S. Johnson,AR,DNI,si,Booking.com,2026-08-10,2026-08-15,5,101500,507500,si,15200,tarjeta,B
R-1490,V. Romero,AR,DNI,si,Despegar,2026-08-23,2026-08-25,2,99700,199400,si,22000,tarjeta,B
R-1491,L. Fernandez,AR,DNI,si,Expedia,2026-07-16,2026-07-20,4,95300,381200,si,0,tarjeta,B
R-1492,V. Romero,BR,Pasaporte,si,Booking.com,2026-08-12,2026-08-15,3,87300,261900,si,9800,tarjeta,T
R-1493,O. Ahmed,FR,Pasaporte,no,Booking.com,2026-07-14,2026-07-17,3,104200,312600,si,0,efectivo_ars,B
R-1494,N. Garcia,BR,Pasaporte,no,Despegar,2026-07-24,2026-07-26,2,104900,209800,si,0,efectivo_ars,B
R-1495,I. Petrov,AR,DNI,si,Expedia,2026-08-10,2026-08-12,2,86700,173400,si,0,efectivo_ars,B
R-1496,M. Silva,AR,DNI,si,Booking.com,2026-08-15,2026-08-16,1,111000,111000,si,4500,tarjeta,B
R-1497,E. Blanco,AR,DNI,si,Expedia,2026-07-04,2026-07-05,1,107600,107600,si,22000,transferencia_local,B
R-1498,O. Ahmed,AR,DNI,si,Booking.com,2026-06-22,2026-06-26,4,93100,372400,si,4500,efectivo_ars,B
R-1499,R. Muller,AR,DNI,si,Expedia,2026-08-14,2026-08-17,3,114800,344400,si,9800,tarjeta,B
R-1500,R. Muller,AR,DNI,si,Booking.com,2026-07-29,2026-07-30,1,85300,85300,si,22000,tarjeta,B
R-1501,D. Oliveira,AR,DNI,si,Booking.com,2026-07-14,2026-07-17,3,104700,314100,si,0,efectivo_ars,B
R-1502,J. Pereira,AR,DNI,si,Booking.com,2026-08-28,2026-09-01,4,117500,470000,si,4500,tarjeta,B
R-1503,C. Rossi,AR,DNI,si,Booking.com,2026-08-25,2026-08-27,2,100000,200000,si,22000,efectivo_ars,A
R-1504,F. Almeida,AR,DNI,si,Booking.com,2026-08-29,2026-08-31,2,94000,188000,si,22000,tarjeta,B
R-1505,G. Ferrari,AR,DNI,si,Directo web,2026-06-22,2026-06-27,5,89200,446000,si,0,efectivo_ars,B
R-1506,F. Almeida,MX,Pasaporte,si,Booking.com,2026-07-09,2026-07-11,2,88400,176800,si,9800,tarjeta,A
R-1507,T. Nakamura,BR,Pasaporte,si,Booking.com,2026-06-27,2026-06-29,2,96200,192400,si,15200,efectivo_ars,B
R-1508,L. Fernandez,BR,Pasaporte,no,Directo web,2026-08-11,2026-08-15,4,87400,349600,si,0,tarjeta,B
R-1509,O. Ahmed,AR,DNI,si,Booking.com,2026-07-30,2026-07-31,1,94200,94200,si,0,tarjeta,B
R-1510,E. Blanco,BR,Pasaporte,si,Booking.com,2026-08-28,2026-08-29,1,108200,108200,si,22000,transferencia_exterior,T
R-1511,H. Weber,FR,Pasaporte,si,Expedia,2026-07-10,2026-07-13,3,106700,320100,si,15200,tarjeta,T
R-1512,A. Costa,BR,Pasaporte,no,Booking.com,2026-08-23,2026-08-26,3,97400,292200,si,22000,efectivo_ars,A
R-1513,L. Fernandez,AR,DNI,si,Booking.com,2026-07-17,2026-07-20,3,101400,304200,si,0,transferencia_local,B
R-1514,L. Fernandez,DE,Pasaporte,si,Telefono/WhatsApp,2026-07-01,2026-07-06,5,106200,531000,si,0,transferencia_exterior,T
R-1515,B. Lindqvist,AR,DNI,si,Booking.com,2026-07-06,2026-07-10,4,90400,361600,si,15200,transferencia_local,B
R-1516,C. Rossi,AR,DNI,si,Expedia,2026-07-20,2026-07-22,2,85600,171200,si,4500,tarjeta,B
R-1517,A. Costa,FR,Pasaporte,si,Booking.com,2026-07-05,2026-07-06,1,106300,106300,si,0,tarjeta,B
R-1518,E. Blanco,AR,DNI,si,Booking.com,2026-06-27,2026-07-01,4,107100,428400,si,0,tarjeta,B
R-1519,B. Lindqvist,AR,DNI,si,Booking.com,2026-07-01,2026-07-04,3,88700,266100,si,0,tarjeta,B
R-1520,J. Pereira,US,Pasaporte,no,Directo web,2026-07-01,2026-07-02,1,106900,106900,si,4500,efectivo_ars,B
R-1521,K. Novak,AR,DNI,si,Booking.com,2026-08-11,2026-08-16,5,91700,458500,si,9800,tarjeta,B
R-1522,N. Garcia,FR,Pasaporte,no,Walk-in,2026-08-29,2026-08-31,2,117600,235200,si,0,tarjeta,B
R-1523,I. Petrov,ES,Pasaporte,si,Expedia,2026-06-21,2026-06-25,4,102900,411600,si,9800,efectivo_ars,B
R-1524,P. Dubois,BR,Pasaporte,no,Booking.com,2026-06-27,2026-06-30,3,110600,331800,si,0,transferencia_exterior,B
R-1525,C. Rossi,AR,DNI,si,Booking.com,2026-07-16,2026-07-19,3,105900,317700,si,22000,tarjeta,B
R-1526,D. Oliveira,AR,DNI,si,Despegar,2026-06-18,2026-06-22,4,87400,349600,si,22000,tarjeta,B
R-1527,V. Romero,DE,Pasaporte,si,Directo web,2026-08-13,2026-08-14,1,106200,106200,si,15200,tarjeta,T
R-1528,G. Ferrari,AR,DNI,si,Directo web,2026-06-12,2026-06-14,2,101800,203600,si,15200,transferencia_local,B
R-1529,E. Blanco,AR,DNI,si,Booking.com,2026-08-18,2026-08-25,7,101300,709100,si,15200,transferencia_local,B
R-1530,O. Ahmed,AR,DNI,si,Booking.com,2026-08-10,2026-08-17,7,102200,715400,si,4500,transferencia_local,B
R-1531,K. Novak,AR,DNI,si,Despegar,2026-08-01,2026-08-03,2,98200,196400,si,0,efectivo_ars,B
R-1532,D. Oliveira,AR,DNI,si,Booking.com,2026-07-13,2026-07-16,3,86900,260700,si,9800,tarjeta,B
R-1533,I. Petrov,BR,Pasaporte,no,Directo web,2026-08-31,2026-09-04,4,100100,400400,si,9800,tarjeta,B
R-1534,A. Costa,CL,Pasaporte,no,Booking.com,2026-08-24,2026-08-28,4,87800,351200,si,22000,tarjeta,B
R-1535,I. Petrov,DE,Pasaporte,si,Booking.com,2026-08-26,2026-09-02,7,87700,613900,si,4500,tarjeta,B
R-1536,B. Lindqvist,AR,DNI,si,Booking.com,2026-08-05,2026-08-07,2,90500,181000,si,0,tarjeta,A
R-1537,K. Novak,AR,DNI,si,Booking.com,2026-08-07,2026-08-12,5,112300,561500,si,0,efectivo_ars,B
R-1538,P. Dubois,AR,DNI,si,Telefono/WhatsApp,2026-06-30,2026-07-04,4,88800,355200,si,4500,tarjeta,B
R-1539,J. Pereira,BR,Pasaporte,no,Walk-in,2026-06-27,2026-06-29,2,109700,219400,si,4500,tarjeta,B
R-1540,R. Muller,AR,DNI,si,Booking.com,2026-07-07,2026-07-09,2,96600,193200,si,22000,efectivo_ars,B
R-1541,G. Ferrari,AR,DNI,si,Expedia,2026-08-24,2026-08-27,3,98100,294300,si,0,tarjeta,A
R-1542,S. Johnson,AR,DNI,si,Booking.com,2026-07-20,2026-07-22,2,103800,207600,si,9800,tarjeta,B
R-1543,R. Muller,US,Pasaporte,no,Despegar,2026-07-06,2026-07-13,7,99000,693000,si,0,tarjeta,A
R-1544,K. Novak,AR,DNI,si,Booking.com,2026-06-13,2026-06-15,2,100600,201200,si,0,tarjeta,A
R-1545,S. Johnson,AR,DNI,si,Telefono/WhatsApp,2026-06-23,2026-06-25,2,88400,176800,si,0,efectivo_ars,A
R-1546,D. Oliveira,CL,Pasaporte,si,Expedia,2026-09-05,2026-09-10,5,107000,535000,si,22000,tarjeta,T
R-1547,K. Novak,AR,DNI,si,Booking.com,2026-08-12,2026-08-14,2,88300,176600,si,0,efectivo_ars,B
R-1548,F. Almeida,AR,DNI,si,Telefono/WhatsApp,2026-09-01,2026-09-04,3,93000,279000,si,0,efectivo_ars,B
R-1549,P. Dubois,AR,DNI,si,Directo web,2026-08-06,2026-08-09,3,99600,298800,si,4500,transferencia_local,B
R-1550,J. Pereira,BR,Pasaporte,si,Booking.com,2026-09-03,2026-09-06,3,98200,294600,si,0,tarjeta,T
R-1551,I. Petrov,CL,Pasaporte,no,Telefono/WhatsApp,2026-07-29,2026-08-02,4,95600,382400,si,0,tarjeta,B
R-1552,L. Fernandez,FR,Pasaporte,no,Directo web,2026-08-16,2026-08-23,7,111000,777000,si,9800,tarjeta,B
R-1553,O. Ahmed,AR,DNI,si,Despegar,2026-07-31,2026-08-02,2,95600,191200,si,0,efectivo_ars,B
R-1554,D. Oliveira,AR,DNI,si,Booking.com,2026-07-26,2026-07-29,3,114200,342600,si,0,transferencia_local,B
R-1555,O. Ahmed,ES,Pasaporte,si,Booking.com,2026-08-03,2026-08-05,2,97700,195400,si,0,tarjeta,B
R-1556,B. Lindqvist,AR,DNI,si,Booking.com,2026-07-23,2026-07-26,3,95500,286500,si,0,tarjeta,B
R-1557,F. Almeida,AR,DNI,si,Expedia,2026-08-16,2026-08-18,2,116800,233600,si,0,tarjeta,A
R-1558,P. Dubois,DE,Pasaporte,si,Directo web,2026-06-11,2026-06-12,1,86300,86300,si,0,tarjeta,T
R-1559,A. Costa,AR,DNI,si,Booking.com,2026-07-21,2026-07-25,4,88300,353200,si,22000,transferencia_local,B
R-1560,T. Nakamura,AR,DNI,si,Telefono/WhatsApp,2026-08-07,2026-08-09,2,104000,208000,si,0,tarjeta,B
R-1561,H. Weber,AR,DNI,si,Booking.com,2026-07-16,2026-07-19,3,86100,258300,si,22000,tarjeta,B
R-1562,T. Nakamura,DE,Pasaporte,no,Booking.com,2026-08-24,2026-08-26,2,85900,171800,si,0,transferencia_exterior,A
R-1563,N. Garcia,CL,Pasaporte,no,Booking.com,2026-09-07,2026-09-09,2,85600,171200,si,0,tarjeta,B
R-1564,E. Blanco,AR,DNI,si,Booking.com,2026-08-06,2026-08-07,1,84200,84200,si,0,tarjeta,B
R-1565,K. Novak,BR,Pasaporte,no,Despegar,2026-06-12,2026-06-15,3,93200,279600,si,0,tarjeta,A
R-1566,F. Almeida,ES,Pasaporte,no,Booking.com,2026-08-31,2026-09-04,4,96400,385600,si,9800,transferencia_exterior,B
R-1567,I. Petrov,FR,Pasaporte,no,Expedia,2026-06-22,2026-06-24,2,84100,168200,si,0,tarjeta,B
R-1568,L. Fernandez,BR,Pasaporte,si,Booking.com,2026-08-26,2026-08-29,3,85900,257700,si,9800,tarjeta,T
R-1569,B. Lindqvist,CO,Pasaporte,si,Booking.com,2026-09-01,2026-09-04,3,84100,252300,si,4500,tarjeta,T
R-1570,E. Blanco,BR,Pasaporte,no,Booking.com,2026-08-13,2026-08-17,4,105500,422000,si,9800,tarjeta,B
R-1571,M. Silva,US,Pasaporte,no,Booking.com,2026-07-22,2026-07-24,2,99100,198200,si,0,transferencia_exterior,T
R-1572,V. Romero,AR,DNI,si,Directo web,2026-08-11,2026-08-18,7,91400,639800,si,22000,tarjeta,B
R-1573,R. Muller,UY,Pasaporte,no,Booking.com,2026-08-23,2026-08-26,3,96700,290100,si,0,transferencia_exterior,T
R-1574,F. Almeida,BR,Pasaporte,no,Booking.com,2026-08-21,2026-08-23,2,101200,202400,si,9800,tarjeta,B
R-1575,D. Oliveira,AR,DNI,si,Booking.com,2026-07-28,2026-07-30,2,107500,215000,si,0,tarjeta,B
R-1576,B. Lindqvist,AR,DNI,si,Telefono/WhatsApp,2026-06-29,2026-06-30,1,102300,102300,si,0,tarjeta,B
R-1577,B. Lindqvist,US,Pasaporte,no,Booking.com,2026-08-22,2026-08-27,5,117200,586000,si,15200,efectivo_usd,B
R-1578,A. Costa,AR,DNI,si,Booking.com,2026-07-23,2026-07-24,1,100200,100200,si,22000,efectivo_ars,A
R-1579,B. Lindqvist,AR,DNI,si,Walk-in,2026-08-03,2026-08-06,3,99100,297300,si,0,efectivo_ars,B
R-1580,C. Rossi,CO,Pasaporte,si,Telefono/WhatsApp,2026-07-31,2026-08-01,1,115600,115600,si,9800,tarjeta,B
R-1581,J. Pereira,AR,DNI,si,Booking.com,2026-06-11,2026-06-12,1,89300,89300,si,4500,tarjeta,B
R-1582,N. Garcia,CL,Pasaporte,no,Booking.com,2026-08-28,2026-08-29,1,113800,113800,si,15200,tarjeta,B
R-1583,T. Nakamura,UY,Pasaporte,si,Expedia,2026-08-01,2026-08-02,1,95300,95300,si,4500,efectivo_ars,B
R-1584,K. Novak,AR,DNI,si,Directo web,2026-07-12,2026-07-14,2,110400,220800,si,9800,tarjeta,B
R-1585,C. Rossi,AR,DNI,si,Booking.com,2026-08-31,2026-09-04,4,94900,379600,si,0,transferencia_local,B
R-1586,S. Johnson,BR,Pasaporte,no,Despegar,2026-06-15,2026-06-18,3,89700,269100,si,0,tarjeta,B
R-1587,N. Garcia,BR,Pasaporte,no,Telefono/WhatsApp,2026-07-29,2026-08-02,4,90800,363200,si,9800,tarjeta,T
R-1588,J. Pereira,AR,DNI,si,Directo web,2026-07-14,2026-07-18,4,106600,426400,si,22000,efectivo_ars,B
R-1589,M. Silva,AR,DNI,si,Booking.com,2026-07-08,2026-07-12,4,87800,351200,si,9800,transferencia_local,B
R-1590,N. Garcia,AR,DNI,si,Directo web,2026-06-29,2026-07-01,2,98500,197000,si,0,tarjeta,B
R-1591,T. Nakamura,AR,DNI,si,Despegar,2026-08-02,2026-08-04,2,109400,218800,si,22000,efectivo_ars,B
R-1592,B. Lindqvist,AR,DNI,si,Walk-in,2026-07-30,2026-08-01,2,105700,211400,si,4500,efectivo_ars,B
R-1593,S. Johnson,AR,DNI,si,Directo web,2026-07-24,2026-07-25,1,99100,99100,si,0,transferencia_local,B
R-1594,J. Pereira,CL,Pasaporte,no,Directo web,2026-08-11,2026-08-13,2,87300,174600,si,4500,efectivo_ars,B
R-1595,G. Ferrari,CL,Pasaporte,si,Booking.com,2026-07-10,2026-07-13,3,94800,284400,si,15200,tarjeta,T
R-1596,I. Petrov,US,Pasaporte,no,Directo web,2026-08-05,2026-08-06,1,88000,88000,si,0,tarjeta,B
R-1597,P. Dubois,ES,Pasaporte,no,Expedia,2026-07-17,2026-07-22,5,110100,550500,si,0,tarjeta,T
R-1598,E. Blanco,DE,Pasaporte,si,Directo web,2026-07-18,2026-07-19,1,104200,104200,si,15200,tarjeta,B
R-1599,S. Johnson,AR,DNI,si,Booking.com,2026-07-21,2026-07-24,3,95700,287100,si,15200,tarjeta,B
R-1600,B. Lindqvist,CO,Pasaporte,no,Booking.com,2026-07-31,2026-08-02,2,96300,192600,si,0,tarjeta,T
R-1601,D. Oliveira,AR,DNI,si,Despegar,2026-06-27,2026-07-01,4,95900,383600,si,9800,tarjeta,B
R-1602,R. Muller,AR,DNI,si,Despegar,2026-08-27,2026-08-29,2,95900,191800,si,9800,tarjeta,B
R-1603,L. Fernandez,DE,Pasaporte,no,Walk-in,2026-09-03,2026-09-06,3,106500,319500,si,0,tarjeta,B
R-1604,M. Silva,AR,DNI,si,Directo web,2026-08-22,2026-08-23,1,99600,99600,si,15200,tarjeta,B
R-1605,K. Novak,AR,DNI,si,Booking.com,2026-08-10,2026-08-11,1,102400,102400,si,4500,tarjeta,B
R-1606,B. Lindqvist,US,Pasaporte,si,Booking.com,2026-08-07,2026-08-09,2,111400,222800,si,0,transferencia_exterior,T
R-1607,E. Blanco,FR,Pasaporte,no,Booking.com,2026-06-16,2026-06-20,4,87600,350400,si,15200,tarjeta,B
R-1608,P. Dubois,AR,DNI,si,Walk-in,2026-07-03,2026-07-04,1,113600,113600,si,15200,tarjeta,B
R-1609,A. Costa,AR,DNI,si,Booking.com,2026-07-26,2026-07-28,2,109500,219000,si,0,tarjeta,B
R-1610,S. Johnson,US,Pasaporte,si,Despegar,2026-08-04,2026-08-09,5,91700,458500,si,0,transferencia_exterior,T
R-1611,V. Romero,UY,Pasaporte,si,Despegar,2026-07-22,2026-07-24,2,98600,197200,si,0,tarjeta,B
R-1612,P. Dubois,AR,DNI,si,Booking.com,2026-08-02,2026-08-03,1,100100,100100,si,0,tarjeta,B
R-1613,B. Lindqvist,AR,DNI,si,Directo web,2026-07-04,2026-07-09,5,111100,555500,si,15200,tarjeta,B
R-1614,C. Rossi,AR,DNI,si,Booking.com,2026-08-17,2026-08-22,5,107200,536000,si,0,tarjeta,B
R-1615,H. Weber,AR,DNI,si,Booking.com,2026-07-26,2026-07-29,3,115500,346500,si,0,efectivo_ars,B
R-1616,T. Nakamura,AR,DNI,si,Booking.com,2026-07-03,2026-07-07,4,110200,440800,si,15200,tarjeta,B
R-1617,E. Blanco,UY,Pasaporte,no,Booking.com,2026-07-09,2026-07-14,5,87000,435000,si,22000,efectivo_usd,A
R-1618,R. Muller,AR,DNI,si,Walk-in,2026-08-17,2026-08-21,4,103800,415200,si,9800,transferencia_local,B
R-1619,K. Novak,AR,DNI,si,Directo web,2026-08-22,2026-08-25,3,111400,334200,si,9800,tarjeta,B
R-1620,T. Nakamura,BR,Pasaporte,no,Booking.com,2026-08-29,2026-08-31,2,102300,204600,si,4500,efectivo_ars,B
R-1621,J. Pereira,CO,Pasaporte,si,Despegar,2026-07-27,2026-07-30,3,95300,285900,si,9800,tarjeta,B
R-1622,D. Oliveira,UY,Pasaporte,no,Expedia,2026-09-05,2026-09-07,2,110200,220400,si,9800,transferencia_exterior,T
R-1623,R. Muller,BR,Pasaporte,no,Booking.com,2026-08-27,2026-08-28,1,100900,100900,si,22000,transferencia_exterior,B
R-1624,C. Rossi,ES,Pasaporte,no,Walk-in,2026-07-19,2026-07-24,5,106700,533500,si,0,efectivo_usd,B
R-1625,O. Ahmed,BR,Pasaporte,si,Directo web,2026-07-10,2026-07-12,2,107100,214200,si,4500,tarjeta,T
R-1626,V. Romero,AR,DNI,si,Directo web,2026-08-10,2026-08-14,4,105100,420400,si,4500,tarjeta,B
R-1627,S. Johnson,AR,DNI,si,Despegar,2026-08-29,2026-08-30,1,98100,98100,si,0,tarjeta,B
R-1628,K. Novak,UY,Pasaporte,si,Booking.com,2026-06-19,2026-06-22,3,97900,293700,si,0,tarjeta,B
R-1629,L. Fernandez,US,Pasaporte,si,Walk-in,2026-07-24,2026-07-26,2,97100,194200,si,9800,efectivo_ars,B
R-1630,P. Dubois,BR,Pasaporte,si,Directo web,2026-07-21,2026-07-25,4,85900,343600,si,0,transferencia_exterior,B
R-1631,B. Lindqvist,MX,Pasaporte,no,Booking.com,2026-08-10,2026-08-11,1,99800,99800,si,15200,tarjeta,T
R-1632,B. Lindqvist,AR,DNI,si,Booking.com,2026-07-22,2026-07-24,2,99500,199000,si,9800,tarjeta,B
R-1633,J. Pereira,AR,DNI,si,Directo web,2026-07-26,2026-07-31,5,103400,517000,si,0,tarjeta,B
R-1634,T. Nakamura,AR,DNI,si,Directo web,2026-07-15,2026-07-20,5,98000,490000,si,22000,transferencia_local,B
R-1635,P. Dubois,AR,DNI,si,Despegar,2026-06-28,2026-06-29,1,102900,102900,si,4500,tarjeta,A
R-1636,P. Dubois,AR,DNI,si,Booking.com,2026-08-27,2026-08-31,4,85900,343600,si,22000,tarjeta,A
R-1637,C. Rossi,AR,DNI,si,Booking.com,2026-07-02,2026-07-04,2,105200,210400,si,0,efectivo_ars,B
R-1638,G. Ferrari,BR,Pasaporte,no,Directo web,2026-06-19,2026-06-20,1,106700,106700,si,9800,tarjeta,B
R-1639,P. Dubois,AR,DNI,si,Walk-in,2026-08-12,2026-08-16,4,98800,395200,si,0,tarjeta,B
R-1640,R. Muller,AR,DNI,si,Walk-in,2026-07-09,2026-07-11,2,96000,192000,si,0,tarjeta,B
R-1641,M. Silva,AR,DNI,si,Booking.com,2026-07-08,2026-07-11,3,93500,280500,si,0,tarjeta,B
R-1642,O. Ahmed,US,Pasaporte,si,Booking.com,2026-07-02,2026-07-03,1,88500,88500,si,15200,tarjeta,B
R-1643,L. Fernandez,AR,DNI,si,Booking.com,2026-07-07,2026-07-11,4,93800,375200,si,9800,transferencia_local,B
R-1644,D. Oliveira,AR,DNI,si,Expedia,2026-06-16,2026-06-19,3,100400,301200,si,9800,transferencia_local,A
R-1645,D. Oliveira,MX,Pasaporte,no,Telefono/WhatsApp,2026-07-11,2026-07-13,2,115200,230400,si,0,tarjeta,B
R-1646,L. Fernandez,AR,DNI,si,Directo web,2026-06-26,2026-06-27,1,107700,107700,si,4500,efectivo_ars,A
R-1647,A. Costa,MX,Pasaporte,si,Despegar,2026-08-16,2026-08-18,2,94100,188200,si,4500,tarjeta,T
R-1648,O. Ahmed,BR,Pasaporte,no,Booking.com,2026-07-29,2026-08-01,3,96200,288600,si,0,tarjeta,B
R-1649,I. Petrov,AR,DNI,si,Booking.com,2026-07-24,2026-07-27,3,107700,323100,si,0,efectivo_ars,B
R-1650,R. Muller,CO,Pasaporte,no,Directo web,2026-06-17,2026-06-18,1,92500,92500,si,15200,tarjeta,B
R-1651,P. Dubois,US,Pasaporte,no,Booking.com,2026-07-09,2026-07-14,5,94100,470500,si,22000,efectivo_usd,B
R-1652,T. Nakamura,FR,Pasaporte,si,Booking.com,2026-07-11,2026-07-15,4,96200,384800,si,0,transferencia_exterior,T
R-1653,V. Romero,CO,Pasaporte,no,Directo web,2026-08-09,2026-08-11,2,107800,215600,si,0,tarjeta,B
R-1654,J. Pereira,CL,Pasaporte,si,Directo web,2026-07-26,2026-07-28,2,101800,203600,si,0,tarjeta,T
R-1655,R. Muller,AR,DNI,si,Booking.com,2026-08-13,2026-08-16,3,101500,304500,si,4500,efectivo_ars,B
R-1656,C. Rossi,AR,DNI,si,Booking.com,2026-08-03,2026-08-08,5,91600,458000,si,0,transferencia_local,B
R-1657,K. Novak,CO,Pasaporte,no,Telefono/WhatsApp,2026-08-26,2026-08-29,3,103800,311400,si,9800,tarjeta,A
R-1658,R. Muller,AR,DNI,si,Despegar,2026-07-21,2026-07-23,2,103500,207000,si,0,efectivo_ars,B
R-1659,A. Costa,CL,Pasaporte,no,Booking.com,2026-09-03,2026-09-04,1,94800,94800,si,15200,efectivo_ars,B
R-1660,F. Almeida,ES,Pasaporte,no,Directo web,2026-07-23,2026-07-26,3,103700,311100,si,0,tarjeta,B
R-1661,P. Dubois,AR,DNI,si,Walk-in,2026-08-29,2026-08-31,2,106300,212600,si,0,tarjeta,B
R-1662,H. Weber,AR,DNI,si,Walk-in,2026-07-24,2026-07-26,2,106500,213000,si,4500,tarjeta,B
R-1663,A. Costa,BR,Pasaporte,no,Booking.com,2026-08-01,2026-08-02,1,107300,107300,si,4500,efectivo_usd,B
R-1664,S. Johnson,AR,DNI,si,Booking.com,2026-07-05,2026-07-06,1,101900,101900,si,15200,tarjeta,B
R-1665,S. Johnson,AR,DNI,si,Directo web,2026-08-22,2026-08-25,3,110300,330900,si,15200,tarjeta,B
R-1666,J. Pereira,FR,Pasaporte,no,Walk-in,2026-08-25,2026-08-27,2,103900,207800,si,0,tarjeta,B
R-1667,C. Rossi,AR,DNI,si,Expedia,2026-08-15,2026-08-18,3,93200,279600,si,0,tarjeta,B
R-1668,H. Weber,BR,Pasaporte,no,Expedia,2026-08-07,2026-08-10,3,100600,301800,si,4500,transferencia_exterior,B
R-1669,D. Oliveira,UY,Pasaporte,no,Booking.com,2026-09-04,2026-09-08,4,104000,416000,si,15200,efectivo_usd,B
R-1670,T. Nakamura,AR,DNI,si,Directo web,2026-06-12,2026-06-13,1,113000,113000,si,15200,tarjeta,B
R-1672,O. Ahmed,CL,Pasaporte,si,Booking.com,2026-06-14,2026-06-17,3,110700,332100,si,15200,tarjeta,B
R-1673,P. Dubois,AR,DNI,si,Telefono/WhatsApp,2026-07-18,2026-07-19,1,105100,105100,si,0,tarjeta,B
R-1674,O. Ahmed,AR,DNI,si,Walk-in,2026-07-23,2026-07-25,2,88000,176000,si,0,tarjeta,B
R-1675,K. Novak,AR,DNI,si,Booking.com,2026-09-03,2026-09-05,2,93600,187200,si,15200,tarjeta,B
R-1676,M. Silva,AR,DNI,si,Expedia,2026-06-25,2026-06-27,2,91300,182600,si,9800,efectivo_ars,A
R-1677,M. Silva,AR,DNI,si,Despegar,2026-09-03,2026-09-05,2,105900,211800,si,0,tarjeta,A
R-1678,B. Lindqvist,BR,Pasaporte,si,Booking.com,2026-06-29,2026-06-30,1,91800,91800,si,15200,tarjeta,T
R-1679,L. Fernandez,US,Pasaporte,no,Booking.com,2026-07-26,2026-07-29,3,101200,303600,si,15200,tarjeta,B
R-1680,L. Fernandez,BR,Pasaporte,no,Expedia,2026-07-19,2026-07-20,1,109500,109500,si,0,efectivo_usd,B
R-1681,D. Oliveira,AR,DNI,si,Booking.com,2026-08-24,2026-08-26,2,90000,180000,si,0,tarjeta,B
R-1682,N. Garcia,AR,DNI,si,Booking.com,2026-06-30,2026-07-07,7,90500,633500,si,9800,efectivo_ars,B
R-1683,A. Costa,AR,DNI,si,Despegar,2026-06-19,2026-06-21,2,98200,196400,si,0,tarjeta,B
R-1684,R. Muller,CO,Pasaporte,si,Despegar,2026-08-29,2026-08-30,1,114100,114100,si,4500,tarjeta,A
R-1685,H. Weber,US,Pasaporte,si,Booking.com,2026-07-04,2026-07-05,1,94900,94900,si,0,tarjeta,B
R-1686,K. Novak,CL,Pasaporte,no,Directo web,2026-08-03,2026-08-04,1,85100,85100,si,4500,tarjeta,B
R-1687,T. Nakamura,US,Pasaporte,no,Directo web,2026-06-11,2026-06-12,1,96600,96600,si,9800,tarjeta,B
R-1688,D. Oliveira,AR,DNI,si,Directo web,2026-08-10,2026-08-15,5,102800,514000,si,0,tarjeta,B
R-1689,F. Almeida,AR,DNI,si,Telefono/WhatsApp,2026-06-13,2026-06-15,2,114500,229000,si,0,tarjeta,A
R-1690,S. Johnson,AR,DNI,si,Walk-in,2026-06-16,2026-06-18,2,92400,184800,si,0,tarjeta,B
R-1691,M. Silva,AR,DNI,si,Directo web,2026-08-22,2026-08-23,1,108000,108000,si,0,tarjeta,B
R-1692,L. Fernandez,CO,Pasaporte,si,Walk-in,2026-08-07,2026-08-09,2,109000,218000,si,0,efectivo_usd,B
R-1693,J. Pereira,AR,DNI,si,Booking.com,2026-06-15,2026-06-19,4,97900,391600,si,15200,efectivo_ars,B
R-1694,B. Lindqvist,US,Pasaporte,no,Telefono/WhatsApp,2026-06-24,2026-06-25,1,93800,93800,si,4500,tarjeta,A
R-1695,J. Pereira,BR,Pasaporte,si,Booking.com,2026-08-10,2026-08-15,5,95800,479000,si,22000,tarjeta,B
R-1696,E. Blanco,FR,Pasaporte,no,Directo web,2026-06-30,2026-07-04,4,95700,382800,si,22000,tarjeta,B
R-1697,B. Lindqvist,BR,Pasaporte,si,Directo web,2026-07-29,2026-07-31,2,88900,177800,si,15200,tarjeta,B
R-1698,P. Dubois,AR,DNI,si,Booking.com,2026-09-02,2026-09-07,5,101500,507500,si,4500,tarjeta,B
R-1699,S. Johnson,UY,Pasaporte,no,Booking.com,2026-08-22,2026-08-24,2,100400,200800,si,0,efectivo_usd,A
R-1700,J. Pereira,BR,Pasaporte,no,Booking.com,2026-06-16,2026-06-19,3,91600,274800,si,15200,efectivo_ars,B
R-1701,J. Pereira,US,Pasaporte,si,Booking.com,2026-07-12,2026-07-15,3,104700,314100,si,9800,tarjeta,T
R-1702,K. Novak,AR,DNI,si,Booking.com,2026-08-13,2026-08-15,2,87300,174600,si,0,efectivo_ars,B
R-1703,S. Johnson,BR,Pasaporte,no,Directo web,2026-08-13,2026-08-15,2,101000,202000,si,22000,tarjeta,B
R-1704,K. Novak,DE,Pasaporte,si,Despegar,2026-07-19,2026-07-21,2,112200,224400,si,4500,tarjeta,T
R-1705,I. Petrov,MX,Pasaporte,si,Telefono/WhatsApp,2026-07-27,2026-07-29,2,104800,209600,si,22000,tarjeta,B
R-1706,A. Costa,AR,DNI,si,Directo web,2026-08-20,2026-08-22,2,86300,172600,si,0,tarjeta,B
R-1707,V. Romero,FR,Pasaporte,si,Directo web,2026-08-23,2026-08-28,5,113100,565500,si,0,tarjeta,T
R-1708,D. Oliveira,BR,Pasaporte,no,Booking.com,2026-06-13,2026-06-15,2,101100,202200,si,0,tarjeta,T
R-1709,F. Almeida,FR,Pasaporte,no,Despegar,2026-07-17,2026-07-22,5,110200,551000,si,9800,tarjeta,T
R-1710,B. Lindqvist,AR,DNI,si,Booking.com,2026-06-12,2026-06-15,3,103600,310800,si,15200,tarjeta,B
R-1711,B. Lindqvist,AR,DNI,si,Booking.com,2026-08-22,2026-08-23,1,102500,102500,si,15200,transferencia_local,A
R-1712,J. Pereira,FR,Pasaporte,no,Despegar,2026-08-01,2026-08-04,3,113100,339300,si,15200,efectivo_ars,B
R-1713,D. Oliveira,UY,Pasaporte,si,Booking.com,2026-08-26,2026-08-29,3,91500,274500,si,22000,tarjeta,T
R-1714,P. Dubois,ES,Pasaporte,si,Telefono/WhatsApp,2026-07-18,2026-07-21,3,97500,292500,si,0,tarjeta,T
R-1715,A. Costa,AR,DNI,si,Directo web,2026-08-25,2026-09-01,7,97100,679700,si,4500,tarjeta,B
R-1716,S. Johnson,AR,DNI,si,Booking.com,2026-06-24,2026-06-27,3,107500,322500,si,0,tarjeta,B
R-1717,D. Oliveira,AR,DNI,si,Directo web,2026-07-05,2026-07-06,1,107400,107400,si,0,tarjeta,A
R-1718,C. Rossi,AR,DNI,si,Directo web,2026-06-22,2026-06-25,3,93400,280200,si,9800,efectivo_ars,B
R-1719,H. Weber,CL,Pasaporte,si,Directo web,2026-08-17,2026-08-22,5,108000,540000,si,0,tarjeta,A
R-1720,E. Blanco,AR,DNI,si,Booking.com,2026-07-24,2026-07-28,4,101900,407600,si,4500,tarjeta,B
R-1721,O. Ahmed,AR,DNI,si,Directo web,2026-09-06,2026-09-10,4,94700,378800,si,22000,tarjeta,B
R-1722,L. Fernandez,US,Pasaporte,si,Booking.com,2026-07-03,2026-07-05,2,100300,200600,si,4500,tarjeta,B
R-1723,E. Blanco,DE,Pasaporte,si,Booking.com,2026-06-14,2026-06-15,1,106400,106400,si,0,efectivo_usd,B
R-1724,H. Weber,US,Pasaporte,no,Walk-in,2026-08-26,2026-08-27,1,97300,97300,si,4500,efectivo_usd,B
R-1725,J. Pereira,AR,DNI,si,Booking.com,2026-06-28,2026-07-02,4,108300,433200,si,9800,tarjeta,B
R-1726,R. Muller,AR,DNI,si,Directo web,2026-06-27,2026-06-30,3,117500,352500,si,0,tarjeta,B
R-1727,G. Ferrari,AR,DNI,si,Booking.com,2026-08-05,2026-08-10,5,86200,431000,si,0,transferencia_local,B
R-1728,G. Ferrari,ES,Pasaporte,no,Telefono/WhatsApp,2026-08-02,2026-08-04,2,115000,230000,si,0,tarjeta,A
R-1729,C. Rossi,US,Pasaporte,si,Directo web,2026-08-21,2026-08-23,2,107900,215800,si,0,efectivo_usd,B
R-1730,G. Ferrari,BR,Pasaporte,si,Directo web,2026-08-06,2026-08-08,2,105700,211400,si,0,tarjeta,B
R-1731,I. Petrov,AR,DNI,si,Directo web,2026-08-23,2026-08-25,2,110100,220200,si,0,tarjeta,B
R-1732,B. Lindqvist,MX,Pasaporte,no,Telefono/WhatsApp,2026-07-21,2026-07-24,3,105100,315300,si,0,efectivo_ars,B
R-1733,N. Garcia,AR,DNI,si,Booking.com,2026-07-19,2026-07-20,1,105200,105200,si,22000,tarjeta,B
R-1734,G. Ferrari,AR,DNI,si,Booking.com,2026-08-23,2026-08-27,4,93900,375600,si,15200,efectivo_ars,B
R-1735,B. Lindqvist,AR,DNI,si,Telefono/WhatsApp,2026-07-20,2026-07-23,3,101800,305400,si,9800,transferencia_local,B
R-1736,N. Garcia,FR,Pasaporte,si,Expedia,2026-08-05,2026-08-09,4,105500,422000,si,0,tarjeta,B
R-1737,T. Nakamura,CO,Pasaporte,no,Walk-in,2026-07-10,2026-07-12,2,116300,232600,si,0,tarjeta,T
R-1738,M. Silva,AR,DNI,si,Telefono/WhatsApp,2026-08-22,2026-08-25,3,107600,322800,si,4500,tarjeta,B
R-1739,R. Muller,AR,DNI,si,Booking.com,2026-08-25,2026-08-27,2,90600,181200,si,9800,efectivo_ars,B
R-1741,N. Garcia,AR,DNI,si,Telefono/WhatsApp,2026-07-20,2026-07-24,4,87700,350800,si,0,transferencia_local,B
R-1742,V. Romero,US,Pasaporte,si,Telefono/WhatsApp,2026-07-28,2026-07-30,2,103700,207400,si,22000,tarjeta,T
R-1743,N. Garcia,AR,DNI,si,Despegar,2026-06-11,2026-06-12,1,85400,85400,si,4500,tarjeta,B
R-1744,B. Lindqvist,AR,DNI,si,Booking.com,2026-07-21,2026-07-25,4,102500,410000,si,0,tarjeta,B
R-1745,D. Oliveira,BR,Pasaporte,no,Expedia,2026-08-21,2026-08-24,3,96600,289800,si,9800,tarjeta,T
R-1746,K. Novak,MX,Pasaporte,no,Walk-in,2026-07-02,2026-07-07,5,100400,502000,si,4500,tarjeta,B
R-1747,L. Fernandez,ES,Pasaporte,si,Directo web,2026-07-11,2026-07-14,3,99100,297300,si,0,efectivo_ars,B
R-1748,B. Lindqvist,US,Pasaporte,si,Booking.com,2026-08-09,2026-08-11,2,113300,226600,si,22000,tarjeta,B
R-1749,H. Weber,AR,DNI,si,Booking.com,2026-07-23,2026-07-25,2,90900,181800,si,4500,tarjeta,B
R-1750,J. Pereira,AR,DNI,si,Directo web,2026-08-16,2026-08-18,2,104400,208800,si,9800,tarjeta,B
R-1751,G. Ferrari,BR,Pasaporte,si,Directo web,2026-07-16,2026-07-20,4,86100,344400,si,9800,efectivo_ars,B
R-1752,G. Ferrari,AR,DNI,si,Expedia,2026-06-16,2026-06-23,7,92600,648200,si,15200,tarjeta,B
R-1753,F. Almeida,AR,DNI,si,Directo web,2026-08-22,2026-08-23,1,106500,106500,si,22000,tarjeta,B
R-1754,C. Rossi,AR,DNI,si,Booking.com,2026-09-04,2026-09-06,2,106000,212000,si,9800,tarjeta,B
R-1755,D. Oliveira,AR,DNI,si,Walk-in,2026-07-10,2026-07-17,7,106800,747600,si,22000,tarjeta,B
R-1756,F. Almeida,AR,DNI,si,Telefono/WhatsApp,2026-08-31,2026-09-03,3,84700,254100,si,0,tarjeta,B
R-1757,C. Rossi,AR,DNI,si,Booking.com,2026-07-21,2026-07-24,3,104700,314100,si,4500,tarjeta,B
R-1758,I. Petrov,AR,DNI,si,Booking.com,2026-08-15,2026-08-17,2,110700,221400,si,15200,tarjeta,B
R-1759,C. Rossi,UY,Pasaporte,si,Booking.com,2026-08-23,2026-08-25,2,100600,201200,si,0,efectivo_usd,B
R-1760,C. Rossi,AR,DNI,si,Booking.com,2026-07-23,2026-07-24,1,107100,107100,si,9800,tarjeta,B
R-1761,G. Ferrari,US,Pasaporte,no,Walk-in,2026-07-10,2026-07-17,7,114000,798000,si,0,tarjeta,B
R-1762,T. Nakamura,DE,Pasaporte,no,Booking.com,2026-08-23,2026-08-26,3,111600,334800,si,4500,tarjeta,B
R-1763,C. Rossi,AR,DNI,si,Booking.com,2026-07-07,2026-07-10,3,96700,290100,si,0,tarjeta,B
R-1764,J. Pereira,ES,Pasaporte,si,Booking.com,2026-08-09,2026-08-12,3,94600,283800,si,15200,tarjeta,B
R-1765,M. Silva,AR,DNI,si,Booking.com,2026-06-20,2026-06-23,3,99300,297900,si,22000,tarjeta,B
R-1766,R. Muller,AR,DNI,si,Telefono/WhatsApp,2026-07-21,2026-07-25,4,97700,390800,si,0,tarjeta,B
R-1767,D. Oliveira,US,Pasaporte,si,Telefono/WhatsApp,2026-08-14,2026-08-21,7,116700,816900,si,0,tarjeta,T
R-1768,E. Blanco,US,Pasaporte,no,Despegar,2026-08-30,2026-09-01,2,96700,193400,si,22000,tarjeta,B
R-1769,P. Dubois,BR,Pasaporte,si,Telefono/WhatsApp,2026-09-07,2026-09-08,1,106500,106500,si,0,efectivo_usd,B
R-1770,M. Silva,BR,Pasaporte,si,Telefono/WhatsApp,2026-07-11,2026-07-13,2,103500,207000,si,15200,tarjeta,B
R-1771,R. Muller,AR,DNI,si,Booking.com,2026-09-02,2026-09-03,1,105000,105000,si,22000,tarjeta,A
R-1772,L. Fernandez,AR,DNI,si,Despegar,2026-06-25,2026-06-27,2,89100,178200,si,4500,tarjeta,B
R-1773,J. Pereira,MX,Pasaporte,no,Directo web,2026-06-26,2026-06-28,2,102100,204200,si,0,efectivo_ars,B
R-1774,V. Romero,BR,Pasaporte,si,Booking.com,2026-07-08,2026-07-12,4,99100,396400,si,22000,efectivo_ars,B
R-1775,B. Lindqvist,AR,DNI,si,Despegar,2026-07-10,2026-07-15,5,115900,579500,si,9800,tarjeta,B
R-1776,P. Dubois,AR,DNI,si,Booking.com,2026-07-05,2026-07-10,5,102000,510000,si,9800,tarjeta,A
R-1777,N. Garcia,BR,Pasaporte,no,Expedia,2026-08-15,2026-08-17,2,111100,222200,si,0,efectivo_ars,B
R-1778,N. Garcia,AR,DNI,si,Booking.com,2026-06-18,2026-06-25,7,95400,667800,si,9800,tarjeta,B
R-1779,I. Petrov,CL,Pasaporte,no,Directo web,2026-07-04,2026-07-05,1,102700,102700,si,0,efectivo_ars,B
R-1780,R. Muller,FR,Pasaporte,no,Booking.com,2026-08-23,2026-08-24,1,108700,108700,si,22000,efectivo_ars,B
R-1781,R. Muller,MX,Pasaporte,si,Directo web,2026-06-16,2026-06-19,3,87800,263400,si,0,tarjeta,T
R-1782,D. Oliveira,AR,DNI,si,Booking.com,2026-07-08,2026-07-10,2,93700,187400,si,22000,tarjeta,B
R-1783,M. Silva,BR,Pasaporte,si,Directo web,2026-07-18,2026-07-22,4,108500,434000,si,4500,tarjeta,T
R-1784,G. Ferrari,UY,Pasaporte,no,Booking.com,2026-08-31,2026-09-02,2,87000,174000,si,0,efectivo_ars,B
R-1785,V. Romero,US,Pasaporte,si,Telefono/WhatsApp,2026-07-09,2026-07-13,4,94300,377200,si,9800,tarjeta,T
R-1786,I. Petrov,US,Pasaporte,si,Booking.com,2026-08-28,2026-08-29,1,94200,94200,si,22000,transferencia_exterior,T
R-1787,G. Ferrari,BR,Pasaporte,si,Directo web,2026-09-04,2026-09-06,2,105800,211600,si,0,tarjeta,T
R-1788,C. Rossi,AR,DNI,si,Despegar,2026-08-28,2026-08-29,1,111100,111100,si,22000,transferencia_local,B
R-1789,N. Garcia,AR,DNI,si,Directo web,2026-06-24,2026-06-27,3,95600,286800,si,22000,transferencia_local,B
R-1790,S. Johnson,AR,DNI,si,Telefono/WhatsApp,2026-06-13,2026-06-15,2,110100,220200,si,9800,tarjeta,B
R-1791,I. Petrov,UY,Pasaporte,no,Telefono/WhatsApp,2026-09-07,2026-09-10,3,91600,274800,si,0,tarjeta,B
R-1792,V. Romero,AR,DNI,si,Booking.com,2026-06-13,2026-06-16,3,111100,333300,si,4500,transferencia_local,B
R-1793,K. Novak,CL,Pasaporte,si,Directo web,2026-07-29,2026-08-01,3,100500,301500,si,9800,tarjeta,T
R-1794,C. Rossi,US,Pasaporte,no,Walk-in,2026-08-23,2026-08-28,5,115400,577000,si,0,tarjeta,B
R-1795,F. Almeida,AR,DNI,si,Directo web,2026-07-27,2026-07-28,1,84900,84900,si,4500,efectivo_ars,B
R-1796,G. Ferrari,AR,DNI,si,Telefono/WhatsApp,2026-08-28,2026-09-04,7,93900,657300,si,0,tarjeta,B
R-1797,K. Novak,AR,DNI,si,Booking.com,2026-07-14,2026-07-15,1,83800,83800,si,0,efectivo_ars,B
R-1798,C. Rossi,BR,Pasaporte,si,Booking.com,2026-08-28,2026-08-29,1,111000,111000,si,0,transferencia_exterior,T
R-1799,G. Ferrari,ES,Pasaporte,no,Booking.com,2026-09-01,2026-09-02,1,91600,91600,si,0,tarjeta,B
R-1800,C. Rossi,AR,DNI,si,Telefono/WhatsApp,2026-06-11,2026-06-12,1,96300,96300,si,9800,transferencia_local,B
R-1801,V. Romero,MX,Pasaporte,no,Booking.com,2026-06-26,2026-06-30,4,103300,413200,si,0,tarjeta,B
R-1802,G. Ferrari,ES,Pasaporte,si,Telefono/WhatsApp,2026-09-07,2026-09-09,2,101000,202000,si,4500,efectivo_usd,B
R-1803,T. Nakamura,CO,Pasaporte,si,Booking.com,2026-07-25,2026-07-30,5,113100,565500,si,0,tarjeta,T
